asin,average_rate,num_of_rate,review_url
B01GPMWF2W,0,0,http://www.amazon.jp/reviews/iframe?akid=AKIAIHC5MGDNMMKTRPOA&alinkCode=xm2&asin=B01GPMWF2W&atag=kyoheikoga04-22&exp=2016-07-16T04%3A40%3A53Z&v=2&sig=Mf7Y7CsbS4GRULhqfFkCJ4aTKR8tD3tsOpie6m57t90%3D
B013XY4LPY,2.0,1,http://www.amazon.jp/reviews/iframe?akid=AKIAIHC5MGDNMMKTRPOA&alinkCode=xm2&asin=B013XY4LPY&atag=kyoheikoga04-22&exp=2016-07-16T04%3A40%3A57Z&v=2&sig=Wn35P9zx16z7AFSpWKk5Aqd8lLslOEJarQlZiFaYHxU%3D
B01GMELSQ2,4.0,1,http://www.amazon.jp/reviews/iframe?akid=AKIAIHC5MGDNMMKTRPOA&alinkCode=xm2&asin=B01GMELSQ2&atag=kyoheikoga04-22&exp=2016-07-16T04%3A41%3A02Z&v=2&sig=tWNCFMnAh%2FGGj4SdJLHN6r8z4KRhWtv2PCVAkUczH60%3D
B000CSOV96,0,0,http://www.amazon.jp/reviews/iframe?akid=AKIAIHC5MGDNMMKTRPOA&alinkCode=xm2&asin=B000CSOV96&atag=kyoheikoga04-22&exp=2016-07-16T04%3A41%3A08Z&v=2&sig=Ki3tC1FGz7f3OFC47Hm2evUvYPwuq23%2FE4tBT92xaYo%3D
B0122BADGK,3.6,34,http://www.amazon.jp/reviews/iframe?akid=AKIAIHC5MGDNMMKTRPOA&alinkCode=xm2&asin=B0122BADGK&atag=kyoheikoga04-22&exp=2016-07-16T04%3A41%3A10Z&v=2&sig=5N5MeKXDuSTk2qJbOwpd08YfzotnQnnoS4CaZAOpZTE%3D
B00Q8K3OTA,4.0,2,http://www.amazon.jp/reviews/iframe?akid=AKIAIHC5MGDNMMKTRPOA&alinkCode=xm2&asin=B00Q8K3OTA&atag=kyoheikoga04-22&exp=2016-07-16T04%3A41%3A15Z&v=2&sig=M8GrDQWwPDvLS2V1WX%2FY%2FhAUeNkEvltRFEaozzy4h%2Fg%3D
B01AN7F8FG,4.0,1,http://www.amazon.jp/reviews/iframe?akid=AKIAIHC5MGDNMMKTRPOA&alinkCode=xm2&asin=B01AN7F8FG&atag=kyoheikoga04-22&exp=2016-07-16T04%3A41%3A20Z&v=2&sig=hRWbqOA5lmPOpgUId%2Fz0eD4zlwyje4F8WVrV%2BrFNw9E%3D
B016W3PI8W,0,0,http://www.amazon.jp/reviews/iframe?akid=AKIAIHC5MGDNMMKTRPOA&alinkCode=xm2&asin=B016W3PI8W&atag=kyoheikoga04-22&exp=2016-07-16T04%3A41%3A26Z&v=2&sig=QVO9m3FcSVXve%2FtHBlzTwPw2KGUBCWTaHkTFhbcOrxU%3D
B01FUC3XC4,0,0,http://www.amazon.jp/reviews/iframe?akid=AKIAIHC5MGDNMMKTRPOA&alinkCode=xm2&asin=B01FUC3XC4&atag=kyoheikoga04-22&exp=2016-07-16T04%3A41%3A29Z&v=2&sig=wTfHsqq8bMIatHKhhQF9u%2B62Y865c5IQjuy2Nuyvqvw%3D
B01I6IHM9E,0,0,http://www.amazon.jp/reviews/iframe?akid=AKIAIHC5MGDNMMKTRPOA&alinkCode=xm2&asin=B01I6IHM9E&atag=kyoheikoga04-22&exp=2016-07-16T04%3A41%3A31Z&v=2&sig=oE7zRqdRFyv9hVEX9NNjvNRE4wNxY7tEH4%2FGQERHaa0%3D
B01I6GM2SW,0,0,http://www.amazon.jp/reviews/iframe?akid=AKIAIHC5MGDNMMKTRPOA&alinkCode=xm2&asin=B01I6GM2SW&atag=kyoheikoga04-22&exp=2016-07-16T04%3A41%3A33Z&v=2&sig=LuYxzxqH7%2FGNMxmnbRXU5RZy8ucI8z4KWooNON8ySj0%3D
B01I6F3M7I,0,0,http://www.amazon.jp/reviews/iframe?akid=AKIAIHC5MGDNMMKTRPOA&alinkCode=xm2&asin=B01I6F3M7I&atag=kyoheikoga04-22&exp=2016-07-16T04%3A41%3A36Z&v=2&sig=jBWV42fOYSZAHm%2FiaBJ%2FLnf8JNMik6clD%2F4qzE66tx8%3D
B01HHX3JI2,0,0,http://www.amazon.jp/reviews/iframe?akid=AKIAIHC5MGDNMMKTRPOA&alinkCode=xm2&asin=B01HHX3JI2&atag=kyoheikoga04-22&exp=2016-07-16T04%3A41%3A45Z&v=2&sig=8FWAYHc%2BGHrrtJ6fqtahEfhG21%2BbK8Bvvz%2BZzqXIsW0%3D
B015PFSV9Q,3.0,107,http://www.amazon.jp/reviews/iframe?akid=AKIAIHC5MGDNMMKTRPOA&alinkCode=xm2&asin=B015PFSV9Q&atag=kyoheikoga04-22&exp=2016-07-16T04%3A41%3A47Z&v=2&sig=ytFtVZ43J1hlEJ5uOQikTmREZiZx8hmi1IQtFzbLMR0%3D
B014PB6YOA,3.8,17,http://www.amazon.jp/reviews/iframe?akid=AKIAIHC5MGDNMMKTRPOA&alinkCode=xm2&asin=B014PB6YOA&atag=kyoheikoga04-22&exp=2016-07-16T04%3A41%3A52Z&v=2&sig=2ekI2YR9rzsuhkiPqdCE6POoFuGcOO%2F2%2Fwgu9riLXr4%3D
B01GMELT7U,4.0,1,http://www.amazon.jp/reviews/iframe?akid=AKIAIHC5MGDNMMKTRPOA&alinkCode=xm2&asin=B01GMELT7U&atag=kyoheikoga04-22&exp=2016-07-16T04%3A41%3A57Z&v=2&sig=BsHjz3uCX9EKuw2NAyREqg335vvCAC73Xys8IRitD30%3D
B01HEPWY6G,0,0,http://www.amazon.jp/reviews/iframe?akid=AKIAIHC5MGDNMMKTRPOA&alinkCode=xm2&asin=B01HEPWY6G&atag=kyoheikoga04-22&exp=2016-07-16T04%3A42%3A02Z&v=2&sig=6IZ3b9QIhNQBwnHIJNjdlAlpKA0N8%2BXW7mrX3DWSjCo%3D
B01HEP9AUE,0,0,http://www.amazon.jp/reviews/iframe?akid=AKIAIHC5MGDNMMKTRPOA&alinkCode=xm2&asin=B01HEP9AUE&atag=kyoheikoga04-22&exp=2016-07-16T04%3A42%3A04Z&v=2&sig=sd3a%2Bl9tBU2LJbh%2FeG4ncHrjZ77YyfUWBI0U502u2oQ%3D
B01G54C0XO,0,0,http://www.amazon.jp/reviews/iframe?akid=AKIAIHC5MGDNMMKTRPOA&alinkCode=xm2&asin=B01G54C0XO&atag=kyoheikoga04-22&exp=2016-07-16T04%3A42%3A07Z&v=2&sig=w9SPeGqh1BxnItv93SY0RdbY1FBZR569lNwMwQrNxZg%3D
B0185D06SY,0,0,http://www.amazon.jp/reviews/iframe?akid=AKIAIHC5MGDNMMKTRPOA&alinkCode=xm2&asin=B0185D06SY&atag=kyoheikoga04-22&exp=2016-07-16T04%3A42%3A09Z&v=2&sig=gOCHXrWwyWIZLpUhpdfDwCsbIMZgMXSogZYv%2FVEp8wM%3D
B01COWZYX4,4.1,48,http://www.amazon.jp/reviews/iframe?akid=AKIAIHC5MGDNMMKTRPOA&alinkCode=xm2&asin=B01COWZYX4&atag=kyoheikoga04-22&exp=2016-07-16T04%3A42%3A15Z&v=2&sig=Kob0OVQXKOWYTizdYeo7gQ0GrxFcuHBsPdE%2B7yq7shY%3D
B01DBBDWL8,3.4,16,http://www.amazon.jp/reviews/iframe?akid=AKIAIHC5MGDNMMKTRPOA&alinkCode=xm2&asin=B01DBBDWL8&atag=kyoheikoga04-22&exp=2016-07-16T04%3A42%3A21Z&v=2&sig=0Wd5q1H%2FtzBv2rp%2BV1kPthowC0ZWdwilg16DoTLF8Xs%3D
B0183QP4XU,3.8,18,http://www.amazon.jp/reviews/iframe?akid=AKIAIHC5MGDNMMKTRPOA&alinkCode=xm2&asin=B0183QP4XU&atag=kyoheikoga04-22&exp=2016-07-16T04%3A42%3A26Z&v=2&sig=a1xrJfsiodyAeFiyOafIetu2lSZfA5bE0yUbIpmEdLc%3D
B019VXE1MO,4.2,23,http://www.amazon.jp/reviews/iframe?akid=AKIAIHC5MGDNMMKTRPOA&alinkCode=xm2&asin=B019VXE1MO&atag=kyoheikoga04-22&exp=2016-07-16T04%3A42%3A31Z&v=2&sig=9zQCIuxEdf54yJUpdGwxBCWPnAsSTe84OAi%2FwCgllXA%3D
B01DBKOJZ2,4.2,9,http://www.amazon.jp/reviews/iframe?akid=AKIAIHC5MGDNMMKTRPOA&alinkCode=xm2&asin=B01DBKOJZ2&atag=kyoheikoga04-22&exp=2016-07-16T04%3A42%3A36Z&v=2&sig=257n5JyHqpyvKE1kzvE63yGt62j0iOh4bPDKnl5yJNo%3D
B0185P1794,3.4,20,http://www.amazon.jp/reviews/iframe?akid=AKIAIHC5MGDNMMKTRPOA&alinkCode=xm2&asin=B0185P1794&atag=kyoheikoga04-22&exp=2016-07-16T04%3A42%3A42Z&v=2&sig=AjwERWtJZwvfBhKciTUXKagtnYLINzjAPSWxyTdSSDY%3D
B01DBKOL28,1.5,2,http://www.amazon.jp/reviews/iframe?akid=AKIAIHC5MGDNMMKTRPOA&alinkCode=xm2&asin=B01DBKOL28&atag=kyoheikoga04-22&exp=2016-07-16T04%3A42%3A48Z&v=2&sig=5SLiuFq9CjgjtDWTCAHT7kOWbINI6sHwIZP9z9hhOLw%3D
B01E6W37F2,0,0,http://www.amazon.jp/reviews/iframe?akid=AKIAIHC5MGDNMMKTRPOA&alinkCode=xm2&asin=B01E6W37F2&atag=kyoheikoga04-22&exp=2016-07-16T04%3A42%3A53Z&v=2&sig=SdWAwgLnzTyUS9ON5B2R43wqGKCelobCX9EB9%2FoGjOs%3D
B01GMELSV2,4.0,1,http://www.amazon.jp/reviews/iframe?akid=AKIAIHC5MGDNMMKTRPOA&alinkCode=xm2&asin=B01GMELSV2&atag=kyoheikoga04-22&exp=2016-07-16T04%3A42%3A58Z&v=2&sig=3LDeDwTQyXImu80UJ8edAGArwl%2FNiOPDBimP74rKe9A%3D
B017ODKP7S,0,0,http://www.amazon.jp/reviews/iframe?akid=AKIAIHC5MGDNMMKTRPOA&alinkCode=xm2&asin=B017ODKP7S&atag=kyoheikoga04-22&exp=2016-07-16T04%3A43%3A03Z&v=2&sig=0RQW3X7GZMyWwFefDN6R76vsd8G3ZKPxQ7pbIJQvaTA%3D
B00TW9H27Y,0,0,http://www.amazon.jp/reviews/iframe?akid=AKIAIHC5MGDNMMKTRPOA&alinkCode=xm2&asin=B00TW9H27Y&atag=kyoheikoga04-22&exp=2016-07-16T04%3A43%3A05Z&v=2&sig=MKzM5Bw1ZRFI4Rco5EUz8z%2BsfuX%2BpPFI8%2BYtOb0l9ag%3D
B004PAK826,0,0,http://www.amazon.jp/reviews/iframe?akid=AKIAIHC5MGDNMMKTRPOA&alinkCode=xm2&asin=B004PAK826&atag=kyoheikoga04-22&exp=2016-07-16T04%3A43%3A07Z&v=2&sig=%2BtYam98%2BBjFRtZYYsLl7phoWpzHBEQvq9NFlm%2BCTA8U%3D
B00TW9H3IM,5.0,1,http://www.amazon.jp/reviews/iframe?akid=AKIAIHC5MGDNMMKTRPOA&alinkCode=xm2&asin=B00TW9H3IM&atag=kyoheikoga04-22&exp=2016-07-16T04%3A43%3A11Z&v=2&sig=MAi8ahMqg8aKsH1spm8UkYxpvm0maeU8uXjyRtZg1us%3D
B00TW9H274,0,0,http://www.amazon.jp/reviews/iframe?akid=AKIAIHC5MGDNMMKTRPOA&alinkCode=xm2&asin=B00TW9H274&atag=kyoheikoga04-22&exp=2016-07-16T04%3A43%3A16Z&v=2&sig=9%2FCVYbxfAa59iSqlcmYgVArtJ0ariiC9IiDbkJ75h%2Bs%3D
B00TW9H3JQ,0,0,http://www.amazon.jp/reviews/iframe?akid=AKIAIHC5MGDNMMKTRPOA&alinkCode=xm2&asin=B00TW9H3JQ&atag=kyoheikoga04-22&exp=2016-07-16T04%3A43%3A18Z&v=2&sig=w%2Fm0Ya%2FIO3RsVON1RIGjvd2R27xGtPAo8DPbAzaqLlg%3D
B01FHD0KRW,0,0,http://www.amazon.jp/reviews/iframe?akid=AKIAIHC5MGDNMMKTRPOA&alinkCode=xm2&asin=B01FHD0KRW&atag=kyoheikoga04-22&exp=2016-07-16T04%3A43%3A21Z&v=2&sig=NPlHoAMId%2Bn80BqBwcGu5dHQDoIudle7DpxymB6f5P4%3D
B01HZMQ2T8,0,0,http://www.amazon.jp/reviews/iframe?akid=AKIAIHC5MGDNMMKTRPOA&alinkCode=xm2&asin=B01HZMQ2T8&atag=kyoheikoga04-22&exp=2016-07-16T04%3A43%3A23Z&v=2&sig=50x%2BGfdL4yK7DEAWjk9gZ0mLXr08GYOSSop4qJcjgto%3D
B01EXYQ4OE,3.2,41,http://www.amazon.jp/reviews/iframe?akid=AKIAIHC5MGDNMMKTRPOA&alinkCode=xm2&asin=B01EXYQ4OE&atag=kyoheikoga04-22&exp=2016-07-16T04%3A43%3A27Z&v=2&sig=2Is9Cn25SElluHkfj5O8qpOZgscah2E7zs4VIWoNR8M%3D
B01GJG9C52,4.5,20,http://www.amazon.jp/reviews/iframe?akid=AKIAIHC5MGDNMMKTRPOA&alinkCode=xm2&asin=B01GJG9C52&atag=kyoheikoga04-22&exp=2016-07-16T04%3A43%3A32Z&v=2&sig=FltY6srnazucm%2B%2Bj73kPrPJy%2F3uHYBO0IFLxdLuhpS4%3D
B00C6QW6US,2.9,386,http://www.amazon.jp/reviews/iframe?akid=AKIAIHC5MGDNMMKTRPOA&alinkCode=xm2&asin=B00C6QW6US&atag=kyoheikoga04-22&exp=2016-07-16T04%3A43%3A37Z&v=2&sig=T3odwm%2F1Xvx39ydN2QbiSmWFYG%2FvS3cXgG3%2Bse9iylI%3D
B01G82U2NS,4.5,2,http://www.amazon.jp/reviews/iframe?akid=AKIAIHC5MGDNMMKTRPOA&alinkCode=xm2&asin=B01G82U2NS&atag=kyoheikoga04-22&exp=2016-07-16T04%3A43%3A45Z&v=2&sig=%2BEcxZG%2BIdmK3Owdh4XNqqzpcfvB97oh3MejFX1B4Bc4%3D
B00Q8K3OAY,4.0,2,http://www.amazon.jp/reviews/iframe?akid=AKIAIHC5MGDNMMKTRPOA&alinkCode=xm2&asin=B00Q8K3OAY&atag=kyoheikoga04-22&exp=2016-07-16T04%3A43%3A56Z&v=2&sig=W3U5yBZhHzts%2FEtRKeXrbVSQ64lq5ztJH8RT%2B04x4pM%3D
B01FHDMQTC,0,0,http://www.amazon.jp/reviews/iframe?akid=AKIAIHC5MGDNMMKTRPOA&alinkCode=xm2&asin=B01FHDMQTC&atag=kyoheikoga04-22&exp=2016-07-16T04%3A44%3A01Z&v=2&sig=qjZKEyz00E9P6vRTM1nLNp0xo6CSMVNmZyzrIPciorA%3D
B01FHDMQW4,0,0,http://www.amazon.jp/reviews/iframe?akid=AKIAIHC5MGDNMMKTRPOA&alinkCode=xm2&asin=B01FHDMQW4&atag=kyoheikoga04-22&exp=2016-07-16T04%3A44%3A03Z&v=2&sig=rBwnwqF%2B0P2GaY0QWSumC5Omvs%2Bj6pto8AZ2RC0YElk%3D
B01I6I91LQ,0,0,http://www.amazon.jp/reviews/iframe?akid=AKIAIHC5MGDNMMKTRPOA&alinkCode=xm2&asin=B01I6I91LQ&atag=kyoheikoga04-22&exp=2016-07-16T04%3A44%3A07Z&v=2&sig=m1M3rYcBSOHId6bm1TdyYacEjIeM7lBSOj6dwQHAjUc%3D
B01IBKMD0K,0,0,http://www.amazon.jp/reviews/iframe?akid=AKIAIHC5MGDNMMKTRPOA&alinkCode=xm2&asin=B01IBKMD0K&atag=kyoheikoga04-22&exp=2016-07-16T04%3A44%3A11Z&v=2&sig=3cNQJ9QyZ2S3w3W3lVFOUcY5Xd1fwQWvlAVudknLNcA%3D
B01FM1TCKA,3.7,163,http://www.amazon.jp/reviews/iframe?akid=AKIAIHC5MGDNMMKTRPOA&alinkCode=xm2&asin=B01FM1TCKA&atag=kyoheikoga04-22&exp=2016-07-16T04%3A44%3A14Z&v=2&sig=MBpsl%2FvpSH7FTem%2Bvps%2F4kPDTzWT3WAjwbi0fbBwGYM%3D
B00BMFYB8Y,4.3,110,http://www.amazon.jp/reviews/iframe?akid=AKIAIHC5MGDNMMKTRPOA&alinkCode=xm2&asin=B00BMFYB8Y&atag=kyoheikoga04-22&exp=2016-07-16T04%3A44%3A20Z&v=2&sig=j7NOC5XJ1IUwD%2FKhFhrUbZYowN%2Bndq9eHFfDYDwShdw%3D
B01DGB2KR0,3.4,16,http://www.amazon.jp/reviews/iframe?akid=AKIAIHC5MGDNMMKTRPOA&alinkCode=xm2&asin=B01DGB2KR0&atag=kyoheikoga04-22&exp=2016-07-16T04%3A44%3A25Z&v=2&sig=woWbgGOMHqFr8rm8RKQ9Hd4E%2F4m20PcrcVPaXZN2IV8%3D
B019VXE4IK,4.0,17,http://www.amazon.jp/reviews/iframe?akid=AKIAIHC5MGDNMMKTRPOA&alinkCode=xm2&asin=B019VXE4IK&atag=kyoheikoga04-22&exp=2016-07-16T04%3A44%3A31Z&v=2&sig=oFrqkjkuIRuENgZaswUdkSwYptCpDH%2Fr2x8eI%2BNqfIQ%3D
B00C6QW8I8,2.9,386,http://www.amazon.jp/reviews/iframe?akid=AKIAIHC5MGDNMMKTRPOA&alinkCode=xm2&asin=B00C6QW8I8&atag=kyoheikoga04-22&exp=2016-07-16T04%3A44%3A36Z&v=2&sig=rLghMYC39LxidNrj7l4xmmoGoQ5JR%2BHwev1y2RxCRug%3D
B0116EZ1XE,2.8,104,http://www.amazon.jp/reviews/iframe?akid=AKIAIHC5MGDNMMKTRPOA&alinkCode=xm2&asin=B0116EZ1XE&atag=kyoheikoga04-22&exp=2016-07-16T04%3A44%3A41Z&v=2&sig=AoE4FbGaa7SvMKuKSzi8cOFidCfo4gjE1mHwytNpG%2BQ%3D
B00GOGV332,4.0,16,http://www.amazon.jp/reviews/iframe?akid=AKIAIHC5MGDNMMKTRPOA&alinkCode=xm2&asin=B00GOGV332&atag=kyoheikoga04-22&exp=2016-07-16T04%3A44%3A46Z&v=2&sig=ZMluQNrZv17VaYOsaDzd7pwHse3rvU52kKQ7Zkt6GY4%3D
B01HZ9VY6C,0,0,http://www.amazon.jp/reviews/iframe?akid=AKIAIHC5MGDNMMKTRPOA&alinkCode=xm2&asin=B01HZ9VY6C&atag=kyoheikoga04-22&exp=2016-07-16T04%3A44%3A59Z&v=2&sig=1fyS7EWvZsQzVrLMYfNH5LDbvnrRaCLb5LH5MXhzWLw%3D
B01FJHJ2C0,0,0,http://www.amazon.jp/reviews/iframe?akid=AKIAIHC5MGDNMMKTRPOA&alinkCode=xm2&asin=B01FJHJ2C0&atag=kyoheikoga04-22&exp=2016-07-16T04%3A45%3A01Z&v=2&sig=g%2FGg0008dfrFqHGmCrBfkJqtpJKnGbAbIPTZtg8WkU0%3D
B01HEDK1AY,0,0,http://www.amazon.jp/reviews/iframe?akid=AKIAIHC5MGDNMMKTRPOA&alinkCode=xm2&asin=B01HEDK1AY&atag=kyoheikoga04-22&exp=2016-07-16T04%3A45%3A04Z&v=2&sig=yMiSQjY%2BI%2BQ9mqZTS7%2BV%2FKAVnsW%2FxbEuVmns2N3UISU%3D
B01BC7A5TA,0,0,http://www.amazon.jp/reviews/iframe?akid=AKIAIHC5MGDNMMKTRPOA&alinkCode=xm2&asin=B01BC7A5TA&atag=kyoheikoga04-22&exp=2016-07-16T04%3A45%3A06Z&v=2&sig=wecb0YloHjlsLf1hZXCZSSMBaGGdw5h0ItemnGPircQ%3D
B01ENAM1L8,4.0,1,http://www.amazon.jp/reviews/iframe?akid=AKIAIHC5MGDNMMKTRPOA&alinkCode=xm2&asin=B01ENAM1L8&atag=kyoheikoga04-22&exp=2016-07-16T04%3A45%3A08Z&v=2&sig=eEqCwJg2zWdOIsJdXSscRWim6o1RgOxEZLx3o8fuj8g%3D
B00NLY1QWS,2.6,37,http://www.amazon.jp/reviews/iframe?akid=AKIAIHC5MGDNMMKTRPOA&alinkCode=xm2&asin=B00NLY1QWS&atag=kyoheikoga04-22&exp=2016-07-16T04%3A45%3A13Z&v=2&sig=PyfRv5WtOtMjJ5du7GncFm%2Bzccu%2BE25YooqunAYt6z0%3D
B01HTGQ1W8,0,0,http://www.amazon.jp/reviews/iframe?akid=AKIAIHC5MGDNMMKTRPOA&alinkCode=xm2&asin=B01HTGQ1W8&atag=kyoheikoga04-22&exp=2016-07-16T04%3A45%3A18Z&v=2&sig=DeRuyMQ9R0gnBS%2FZmeUyiINOQNd1PM5yos6yqExY7Y8%3D
B01I69R6ZS,0,0,http://www.amazon.jp/reviews/iframe?akid=AKIAIHC5MGDNMMKTRPOA&alinkCode=xm2&asin=B01I69R6ZS&atag=kyoheikoga04-22&exp=2016-07-16T04%3A45%3A26Z&v=2&sig=gs0axiraqNiptXgkH3jW9p%2BHGOhefMggb2C1V6navaY%3D
B01I68YFXK,0,0,http://www.amazon.jp/reviews/iframe?akid=AKIAIHC5MGDNMMKTRPOA&alinkCode=xm2&asin=B01I68YFXK&atag=kyoheikoga04-22&exp=2016-07-16T04%3A45%3A29Z&v=2&sig=dyEQCC7TR3C8qz%2FUmS6BpQJxf6oZcKsp5jV6NxpgQ5E%3D
B01I69FZ5G,0,0,http://www.amazon.jp/reviews/iframe?akid=AKIAIHC5MGDNMMKTRPOA&alinkCode=xm2&asin=B01I69FZ5G&atag=kyoheikoga04-22&exp=2016-07-16T04%3A45%3A31Z&v=2&sig=byJiH6AzWPZY00Tw0fws3HxVAd7MTYGq9dFjjOU%2B8OQ%3D
B01I96BQPO,0,0,http://www.amazon.jp/reviews/iframe?akid=AKIAIHC5MGDNMMKTRPOA&alinkCode=xm2&asin=B01I96BQPO&atag=kyoheikoga04-22&exp=2016-07-16T04%3A45%3A35Z&v=2&sig=wyeEdik4vEOKpkii%2BvLf2haLa9C73qjdabTJ9kDJ2EQ%3D
B01I6LY276,0,0,http://www.amazon.jp/reviews/iframe?akid=AKIAIHC5MGDNMMKTRPOA&alinkCode=xm2&asin=B01I6LY276&atag=kyoheikoga04-22&exp=2016-07-16T04%3A45%3A37Z&v=2&sig=SsE9ZiggA3gy8ji8gRhAkVaKbsx6NuGcILKjWMka5%2BQ%3D
B01I6M5FFI,0,0,http://www.amazon.jp/reviews/iframe?akid=AKIAIHC5MGDNMMKTRPOA&alinkCode=xm2&asin=B01I6M5FFI&atag=kyoheikoga04-22&exp=2016-07-16T04%3A45%3A40Z&v=2&sig=TVbCU%2Be70FCwyxkQIbLUsdnhf3OvFcxq8gae68RE4rk%3D
B01I6MCIAI,0,0,http://www.amazon.jp/reviews/iframe?akid=AKIAIHC5MGDNMMKTRPOA&alinkCode=xm2&asin=B01I6MCIAI&atag=kyoheikoga04-22&exp=2016-07-16T04%3A45%3A42Z&v=2&sig=a1vyoRYLPpCn6SNMHPUC2BZL332ewx0ZX9WjB7XV%2FJ4%3D
B01I6LI4A2,0,0,http://www.amazon.jp/reviews/iframe?akid=AKIAIHC5MGDNMMKTRPOA&alinkCode=xm2&asin=B01I6LI4A2&atag=kyoheikoga04-22&exp=2016-07-16T04%3A45%3A45Z&v=2&sig=xZ7dV8E7vzOhdFNBV0%2BWPk72Uy9dKCRVHfMDi0ST3js%3D
B00C6QW39C,2.9,386,http://www.amazon.jp/reviews/iframe?akid=AKIAIHC5MGDNMMKTRPOA&alinkCode=xm2&asin=B00C6QW39C&atag=kyoheikoga04-22&exp=2016-07-16T04%3A45%3A48Z&v=2&sig=NWycijqAQRiSgVRkkq7bLcQd66GgIREXUINnugl3%2Bog%3D
B01HUN748A,0,0,http://www.amazon.jp/reviews/iframe?akid=AKIAIHC5MGDNMMKTRPOA&alinkCode=xm2&asin=B01HUN748A&atag=kyoheikoga04-22&exp=2016-07-16T04%3A45%3A53Z&v=2&sig=gozllUPv6k1sNk45YmZhc32J6zlBkVOZzMNLx%2ByGYF0%3D
B01FJHJ25M,0,0,http://www.amazon.jp/reviews/iframe?akid=AKIAIHC5MGDNMMKTRPOA&alinkCode=xm2&asin=B01FJHJ25M&atag=kyoheikoga04-22&exp=2016-07-16T04%3A45%3A57Z&v=2&sig=cdR5ydijgGJZyrgBV3mNsb9wR3l%2BAJNwmsTAd3X99ao%3D
B00NPM4UWE,2.4,28,http://www.amazon.jp/reviews/iframe?akid=AKIAIHC5MGDNMMKTRPOA&alinkCode=xm2&asin=B00NPM4UWE&atag=kyoheikoga04-22&exp=2016-07-16T04%3A45%3A59Z&v=2&sig=G4mgH8exJ98cFLkSFZwuUmI1B9fAtV6Ua8XbC%2FfOqKM%3D
B00A17I9AK,4.8,5,http://www.amazon.jp/reviews/iframe?akid=AKIAIHC5MGDNMMKTRPOA&alinkCode=xm2&asin=B00A17I9AK&atag=kyoheikoga04-22&exp=2016-07-16T04%3A46%3A04Z&v=2&sig=d2fn%2BI4Ch6xdUSlrUqPtTeS%2Fc8cMgDqI9pYj5o2B%2BD0%3D
B01GT94QFA,0,0,http://www.amazon.jp/reviews/iframe?akid=AKIAIHC5MGDNMMKTRPOA&alinkCode=xm2&asin=B01GT94QFA&atag=kyoheikoga04-22&exp=2016-07-16T04%3A46%3A09Z&v=2&sig=%2FTLjZIOyWc7chEXuvr%2BmGnEqoTHlYU7ktVLmJ8kYEQo%3D
B01CZV55RO,0,0,http://www.amazon.jp/reviews/iframe?akid=AKIAIHC5MGDNMMKTRPOA&alinkCode=xm2&asin=B01CZV55RO&atag=kyoheikoga04-22&exp=2016-07-16T04%3A46%3A13Z&v=2&sig=djWINrd%2Fhw0q2DUEZxXhg%2FR2yfw6o6OnIS9WvwHqLvs%3D
B00GOGV37I,4.0,16,http://www.amazon.jp/reviews/iframe?akid=AKIAIHC5MGDNMMKTRPOA&alinkCode=xm2&asin=B00GOGV37I&atag=kyoheikoga04-22&exp=2016-07-16T04%3A46%3A17Z&v=2&sig=fJS6rBOsmcN9glNC2ygwPBvJ4kHJEcH1iAAefG6%2FSZI%3D
B00KV28SYC,1.8,12,http://www.amazon.jp/reviews/iframe?akid=AKIAIHC5MGDNMMKTRPOA&alinkCode=xm2&asin=B00KV28SYC&atag=kyoheikoga04-22&exp=2016-07-16T04%3A46%3A22Z&v=2&sig=NIrtfp%2F%2FRFLnPUkLQxK4kPc%2Ft54oAL2hzQhNnDSyCRc%3D
B017VVAHJE,0,0,http://www.amazon.jp/reviews/iframe?akid=AKIAIHC5MGDNMMKTRPOA&alinkCode=xm2&asin=B017VVAHJE&atag=kyoheikoga04-22&exp=2016-07-16T04%3A46%3A36Z&v=2&sig=JGXxWgBQkfVEvLjWb34nweV3ppCmcLgLAtiVH4ILQsQ%3D
B00C6QWB76,2.8,28,http://www.amazon.jp/reviews/iframe?akid=AKIAIHC5MGDNMMKTRPOA&alinkCode=xm2&asin=B00C6QWB76&atag=kyoheikoga04-22&exp=2016-07-16T04%3A46%3A38Z&v=2&sig=ViHO%2FCO15sMEDlyIHe8bb%2F0I%2FGzuBX84H3LXUXEF76U%3D
B018FQZ8RA,0,0,http://www.amazon.jp/reviews/iframe?akid=AKIAIHC5MGDNMMKTRPOA&alinkCode=xm2&asin=B018FQZ8RA&atag=kyoheikoga04-22&exp=2016-07-16T04%3A46%3A43Z&v=2&sig=64c80l5VJpiCjVxYqnFbxSn%2BHp9lmp5IYtDnmi0BtN0%3D
B018FR9BRW,0,0,http://www.amazon.jp/reviews/iframe?akid=AKIAIHC5MGDNMMKTRPOA&alinkCode=xm2&asin=B018FR9BRW&atag=kyoheikoga04-22&exp=2016-07-16T04%3A46%3A46Z&v=2&sig=Y%2F2hq68TUJgVaod2%2BHx%2BTgd5Ga2HcOZWS90xZ%2BbCUq0%3D
B014ITO3P6,3.2,200,http://www.amazon.jp/reviews/iframe?akid=AKIAIHC5MGDNMMKTRPOA&alinkCode=xm2&asin=B014ITO3P6&atag=kyoheikoga04-22&exp=2016-07-16T04%3A46%3A49Z&v=2&sig=kIsMGL55fPhzXkisY%2FcioNeTEBxxMHDB7NRT43j7eAI%3D
B00C6QW568,2.9,386,http://www.amazon.jp/reviews/iframe?akid=AKIAIHC5MGDNMMKTRPOA&alinkCode=xm2&asin=B00C6QW568&atag=kyoheikoga04-22&exp=2016-07-16T04%3A46%3A54Z&v=2&sig=p0VA%2BNL3aupm1UqWbHKgSSIKQ2OiQUZp%2FVL9UC%2Fs6R4%3D
B00UNS4X4I,2.0,1,http://www.amazon.jp/reviews/iframe?akid=AKIAIHC5MGDNMMKTRPOA&alinkCode=xm2&asin=B00UNS4X4I&atag=kyoheikoga04-22&exp=2016-07-16T04%3A46%3A59Z&v=2&sig=THmha7YsIOK7ncQSC3EOlBn8%2FQiIIZVOZ0HJzJNiC4M%3D
B00A17I9AA,3.1,42,http://www.amazon.jp/reviews/iframe?akid=AKIAIHC5MGDNMMKTRPOA&alinkCode=xm2&asin=B00A17I9AA&atag=kyoheikoga04-22&exp=2016-07-16T04%3A47%3A10Z&v=2&sig=wqvw3CvbhIj6kVKsa%2FhZTLJaTty4H524C1C8Kw81zLY%3D
B00JA6N1VU,3.7,163,http://www.amazon.jp/reviews/iframe?akid=AKIAIHC5MGDNMMKTRPOA&alinkCode=xm2&asin=B00JA6N1VU&atag=kyoheikoga04-22&exp=2016-07-16T04%3A47%3A15Z&v=2&sig=dY6Qe4rud0JEbxDIWlgKA%2FNBdpVowLoex9P6eSJaLVI%3D
B00KV28SOM,1.5,8,http://www.amazon.jp/reviews/iframe?akid=AKIAIHC5MGDNMMKTRPOA&alinkCode=xm2&asin=B00KV28SOM&atag=kyoheikoga04-22&exp=2016-07-16T04%3A47%3A20Z&v=2&sig=uXHvpgIWyIvztneWPmyZQSNs9nOYbvivmTKIbjtsd9w%3D
B00Y1WRPWY,5.0,1,http://www.amazon.jp/reviews/iframe?akid=AKIAIHC5MGDNMMKTRPOA&alinkCode=xm2&asin=B00Y1WRPWY&atag=kyoheikoga04-22&exp=2016-07-16T04%3A47%3A30Z&v=2&sig=EebkYOcoCtYMlYtgwPlj2f13QTdSOivV%2Fl5c%2FgXxBNM%3D
B01H4S1HDE,0,0,http://www.amazon.jp/reviews/iframe?akid=AKIAIHC5MGDNMMKTRPOA&alinkCode=xm2&asin=B01H4S1HDE&atag=kyoheikoga04-22&exp=2016-07-16T04%3A47%3A35Z&v=2&sig=0kbUKw4%2FBeswnnFxlQJu0fixfOGp9RRZ5Dfn2zshOW0%3D
B01IAYQNGM,0,0,http://www.amazon.jp/reviews/iframe?akid=AKIAIHC5MGDNMMKTRPOA&alinkCode=xm2&asin=B01IAYQNGM&atag=kyoheikoga04-22&exp=2016-07-16T04%3A47%3A38Z&v=2&sig=AQmhVaYqu5aYHngxBJrlwT%2BdkPa2q3jMcFS6whGcMYg%3D
B01IAYTKJY,0,0,http://www.amazon.jp/reviews/iframe?akid=AKIAIHC5MGDNMMKTRPOA&alinkCode=xm2&asin=B01IAYTKJY&atag=kyoheikoga04-22&exp=2016-07-16T04%3A47%3A40Z&v=2&sig=eIZ%2BxS9f0qZoLF%2F%2BtaV1mN1YLgYifS9Rrsq4P57TbYI%3D
B01IAZ0YZM,0,0,http://www.amazon.jp/reviews/iframe?akid=AKIAIHC5MGDNMMKTRPOA&alinkCode=xm2&asin=B01IAZ0YZM&atag=kyoheikoga04-22&exp=2016-07-16T04%3A47%3A43Z&v=2&sig=6AA37Dm0E3mGPoG5zhjefWUCn9l5vKGwDZTJ92IJ3sU%3D
B00N8H278K,3.9,64,http://www.amazon.jp/reviews/iframe?akid=AKIAIHC5MGDNMMKTRPOA&alinkCode=xm2&asin=B00N8H278K&atag=kyoheikoga04-22&exp=2016-07-16T04%3A47%3A49Z&v=2&sig=gLrsM8OJvKJowy4cYsy7I5Pasw%2FBqtdl7IX7rcdBYyY%3D
B00C6QW9SC,2.9,386,http://www.amazon.jp/reviews/iframe?akid=AKIAIHC5MGDNMMKTRPOA&alinkCode=xm2&asin=B00C6QW9SC&atag=kyoheikoga04-22&exp=2016-07-16T04%3A47%3A55Z&v=2&sig=ZjxvUBWQc%2FeEQ0lcEzFEM7%2Fg455FmVZQkzcYrEjV6ms%3D
B00JZ7USPQ,3.6,36,http://www.amazon.jp/reviews/iframe?akid=AKIAIHC5MGDNMMKTRPOA&alinkCode=xm2&asin=B00JZ7USPQ&atag=kyoheikoga04-22&exp=2016-07-16T04%3A48%3A00Z&v=2&sig=S3DwuXJgp1oOcGQ9fhT3WYnafC%2F410zBCnhcGSPgc1g%3D
B00GQB1JES,4.0,16,http://www.amazon.jp/reviews/iframe?akid=AKIAIHC5MGDNMMKTRPOA&alinkCode=xm2&asin=B00GQB1JES&atag=kyoheikoga04-22&exp=2016-07-16T04%3A48%3A08Z&v=2&sig=ayN3tuRyAQgg8wOzOnpv%2BByQoYUdJA4JXmdtmh7ErRM%3D
B00A17IA1I,3.1,42,http://www.amazon.jp/reviews/iframe?akid=AKIAIHC5MGDNMMKTRPOA&alinkCode=xm2&asin=B00A17IA1I&atag=kyoheikoga04-22&exp=2016-07-16T04%3A48%3A14Z&v=2&sig=WIwyJPlnmEal9fUKQ2sHj3Py%2BHua2Ax70AoRo0yYbRg%3D
B00BPNQX9S,3.8,5,http://www.amazon.jp/reviews/iframe?akid=AKIAIHC5MGDNMMKTRPOA&alinkCode=xm2&asin=B00BPNQX9S&atag=kyoheikoga04-22&exp=2016-07-16T04%3A48%3A20Z&v=2&sig=wOUNxIlyydV6HG7Isw02p4vvGarqXyHYH%2FlWyec9whE%3D
B017HI9LHK,0,0,http://www.amazon.jp/reviews/iframe?akid=AKIAIHC5MGDNMMKTRPOA&alinkCode=xm2&asin=B017HI9LHK&atag=kyoheikoga04-22&exp=2016-07-16T04%3A48%3A25Z&v=2&sig=xh83Eee9zCyA0lmWSXtbvwLHdHXDWpEQVWjYSvDjwv0%3D
B01H359CVW,3.0,1,http://www.amazon.jp/reviews/iframe?akid=AKIAIHC5MGDNMMKTRPOA&alinkCode=xm2&asin=B01H359CVW&atag=kyoheikoga04-22&exp=2016-07-16T04%3A48%3A28Z&v=2&sig=0eBR08%2FEkzRDL4C6%2Bj9xUdWNsevaMW8%2BIUGrooo5C0U%3D
B01IBUSW9Q,0,0,http://www.amazon.jp/reviews/iframe?akid=AKIAIHC5MGDNMMKTRPOA&alinkCode=xm2&asin=B01IBUSW9Q&atag=kyoheikoga04-22&exp=2016-07-16T04%3A48%3A33Z&v=2&sig=Rlm72YGFMe5EDGk7X7SZnkxhvM5lQ6OSix76uPH%2B3bg%3D
B00N8H237A,3.9,64,http://www.amazon.jp/reviews/iframe?akid=AKIAIHC5MGDNMMKTRPOA&alinkCode=xm2&asin=B00N8H237A&atag=kyoheikoga04-22&exp=2016-07-16T04%3A48%3A35Z&v=2&sig=LPOn1Ck1RH2b3n8tJgX6E0Wr1Gz2ZejzpScdjZlql3w%3D
B00BPNQXQQ,5.0,1,http://www.amazon.jp/reviews/iframe?akid=AKIAIHC5MGDNMMKTRPOA&alinkCode=xm2&asin=B00BPNQXQQ&atag=kyoheikoga04-22&exp=2016-07-16T04%3A48%3A41Z&v=2&sig=44QiiCZHMJza9NciTzqEsC6PV%2BM4rOqWvfyFqjXS%2FiE%3D
B01FJHJ6P8,1.0,1,http://www.amazon.jp/reviews/iframe?akid=AKIAIHC5MGDNMMKTRPOA&alinkCode=xm2&asin=B01FJHJ6P8&atag=kyoheikoga04-22&exp=2016-07-16T04%3A48%3A47Z&v=2&sig=OZFBo4e%2F%2F%2Bnwgein%2B8YFsMLRo8fO4wDGqw8omTtw4JY%3D
B00K7ZP274,3.7,41,http://www.amazon.jp/reviews/iframe?akid=AKIAIHC5MGDNMMKTRPOA&alinkCode=xm2&asin=B00K7ZP274&atag=kyoheikoga04-22&exp=2016-07-16T04%3A48%3A52Z&v=2&sig=SAYK9TvU9v5JENTVNFtgKq9nO4ftFtUa65%2Fw%2Bt7PUb0%3D
B01FJHJ74S,0,0,http://www.amazon.jp/reviews/iframe?akid=AKIAIHC5MGDNMMKTRPOA&alinkCode=xm2&asin=B01FJHJ74S&atag=kyoheikoga04-22&exp=2016-07-16T04%3A48%3A57Z&v=2&sig=Wm%2FTJk%2BbqhoshjMQeDnWR8dB7vVs9rpyedJfdwU997o%3D
B01FJHJ6YO,0,0,http://www.amazon.jp/reviews/iframe?akid=AKIAIHC5MGDNMMKTRPOA&alinkCode=xm2&asin=B01FJHJ6YO&atag=kyoheikoga04-22&exp=2016-07-16T04%3A48%3A59Z&v=2&sig=tgJ33ctyqrKNq%2F3oyvlvKWIgeisxrDsW5M46PmSltT4%3D
B00NPM4VKA,2.4,28,http://www.amazon.jp/reviews/iframe?akid=AKIAIHC5MGDNMMKTRPOA&alinkCode=xm2&asin=B00NPM4VKA&atag=kyoheikoga04-22&exp=2016-07-16T04%3A49%3A03Z&v=2&sig=WKIjMBrIuypwQTnl39xlMEtHiDVk%2FpRjzs3SdTxKjR4%3D
B00N8H27BM,3.9,64,http://www.amazon.jp/reviews/iframe?akid=AKIAIHC5MGDNMMKTRPOA&alinkCode=xm2&asin=B00N8H27BM&atag=kyoheikoga04-22&exp=2016-07-16T04%3A49%3A17Z&v=2&sig=w2Eye9UIXH%2FUbpiRPkfuOEJ17WZLnKym%2FtpxOAUmDFw%3D
B0188ZTNW4,3.0,1,http://www.amazon.jp/reviews/iframe?akid=AKIAIHC5MGDNMMKTRPOA&alinkCode=xm2&asin=B0188ZTNW4&atag=kyoheikoga04-22&exp=2016-07-16T04%3A49%3A22Z&v=2&sig=3HGPtkLeNUclulczKCtfQwvCWBSnwWUw7cDY18c0vRY%3D
B01CSOC3WS,3.2,9,http://www.amazon.jp/reviews/iframe?akid=AKIAIHC5MGDNMMKTRPOA&alinkCode=xm2&asin=B01CSOC3WS&atag=kyoheikoga04-22&exp=2016-07-16T04%3A49%3A27Z&v=2&sig=66uEpeE6mHRMRl3fQhaLXinTxXYz63CJ6ua0rBkk%2F8w%3D
B016W1SAA2,4.2,27,http://www.amazon.jp/reviews/iframe?akid=AKIAIHC5MGDNMMKTRPOA&alinkCode=xm2&asin=B016W1SAA2&atag=kyoheikoga04-22&exp=2016-07-16T04%3A49%3A33Z&v=2&sig=ENPY1eA%2FOBM07QiX9H%2F6twdmeTD1MTJEbZTE47BHg64%3D
B00RB3PKL8,4.8,4,http://www.amazon.jp/reviews/iframe?akid=AKIAIHC5MGDNMMKTRPOA&alinkCode=xm2&asin=B00RB3PKL8&atag=kyoheikoga04-22&exp=2016-07-16T04%3A49%3A38Z&v=2&sig=rTElqjKwf85mxPCzbQvS9QYYZMAekXz9vEFrzp%2FRZvI%3D
B00TY7DBF6,0,0,http://www.amazon.jp/reviews/iframe?akid=AKIAIHC5MGDNMMKTRPOA&alinkCode=xm2&asin=B00TY7DBF6&atag=kyoheikoga04-22&exp=2016-07-16T04%3A49%3A48Z&v=2&sig=gVEQSRZaKDGKgZPV55RpNT664R2Ifpwt3gTybKdJids%3D
B00TY7AUQE,0,0,http://www.amazon.jp/reviews/iframe?akid=AKIAIHC5MGDNMMKTRPOA&alinkCode=xm2&asin=B00TY7AUQE&atag=kyoheikoga04-22&exp=2016-07-16T04%3A49%3A51Z&v=2&sig=epHm6yptKK6SyDiCEeEPfGCzbEckGeEZYzO0axCsblI%3D
B017U6YMCI,5.0,1,http://www.amazon.jp/reviews/iframe?akid=AKIAIHC5MGDNMMKTRPOA&alinkCode=xm2&asin=B017U6YMCI&atag=kyoheikoga04-22&exp=2016-07-16T04%3A49%3A53Z&v=2&sig=vD1WhK2fSHisxplATX8VD2kHhW0cB4omgStJDX5MZ9M%3D
B00TY70P64,0,0,http://www.amazon.jp/reviews/iframe?akid=AKIAIHC5MGDNMMKTRPOA&alinkCode=xm2&asin=B00TY70P64&atag=kyoheikoga04-22&exp=2016-07-16T04%3A49%3A58Z&v=2&sig=uXaPoAPI%2B3Cw7d%2BkVtQWvacMdx12t184H5vPVkYZ0l4%3D
B00Y1W9ALS,4.2,63,http://www.amazon.jp/reviews/iframe?akid=AKIAIHC5MGDNMMKTRPOA&alinkCode=xm2&asin=B00Y1W9ALS&atag=kyoheikoga04-22&exp=2016-07-16T04%3A50%3A02Z&v=2&sig=O7wLrNI9dVJUWSWvLTgPXOUKRVszlDFPQNGh4OAR5Fo%3D
B00I3LU3AK,0,0,http://www.amazon.jp/reviews/iframe?akid=AKIAIHC5MGDNMMKTRPOA&alinkCode=xm2&asin=B00I3LU3AK&atag=kyoheikoga04-22&exp=2016-07-16T04%3A50%3A11Z&v=2&sig=o3UjROmEmaxLH%2B09byE%2BgxxsAUsTRcYjxcsuqoFnhW0%3D
B01CSOC3ZU,3.2,9,http://www.amazon.jp/reviews/iframe?akid=AKIAIHC5MGDNMMKTRPOA&alinkCode=xm2&asin=B01CSOC3ZU&atag=kyoheikoga04-22&exp=2016-07-16T04%3A50%3A14Z&v=2&sig=sAb1YNqAAJ0iHL1t3l94%2FHxiBU1oTPJjxEwRTaV2V64%3D
B00DQGFQYK,3.2,17,http://www.amazon.jp/reviews/iframe?akid=AKIAIHC5MGDNMMKTRPOA&alinkCode=xm2&asin=B00DQGFQYK&atag=kyoheikoga04-22&exp=2016-07-16T04%3A50%3A19Z&v=2&sig=7Jd0jgjdvbibLvCrOiopWnho%2Brmgs%2ByNpaibeuMbfFg%3D
B01IBVHPY8,0,0,http://www.amazon.jp/reviews/iframe?akid=AKIAIHC5MGDNMMKTRPOA&alinkCode=xm2&asin=B01IBVHPY8&atag=kyoheikoga04-22&exp=2016-07-16T04%3A50%3A29Z&v=2&sig=i%2FQvRD0GwJDC5LS2uMH6ARebBYktqLuz1lxoOOzUGWQ%3D
B00GQB1JM0,4.0,16,http://www.amazon.jp/reviews/iframe?akid=AKIAIHC5MGDNMMKTRPOA&alinkCode=xm2&asin=B00GQB1JM0&atag=kyoheikoga04-22&exp=2016-07-16T04%3A50%3A31Z&v=2&sig=o4cSAS5Gt4Z8w6TSpCLxlI%2BVFM6lV9FLQP06cDv%2FrwA%3D
B00RB3PKIG,0,0,http://www.amazon.jp/reviews/iframe?akid=AKIAIHC5MGDNMMKTRPOA&alinkCode=xm2&asin=B00RB3PKIG&atag=kyoheikoga04-22&exp=2016-07-16T04%3A50%3A38Z&v=2&sig=MXtnD%2FX%2BoS%2BHc0lhgPjKdDSKtZCyLP4Lv9zBAedXokA%3D
B00YU58YM2,2.0,5,http://www.amazon.jp/reviews/iframe?akid=AKIAIHC5MGDNMMKTRPOA&alinkCode=xm2&asin=B00YU58YM2&atag=kyoheikoga04-22&exp=2016-07-16T04%3A50%3A41Z&v=2&sig=m3FsTJqp30zTSk5WvHHXM5SlPFFOKDEL00BdLtW1Jx0%3D
B00G9N3I7O,0,0,http://www.amazon.jp/reviews/iframe?akid=AKIAIHC5MGDNMMKTRPOA&alinkCode=xm2&asin=B00G9N3I7O&atag=kyoheikoga04-22&exp=2016-07-16T04%3A50%3A50Z&v=2&sig=aP4ntq0JAARfAB6F%2B2d0Y8221F%2Bmlj%2B0VVA7ILcuiPw%3D
B00YU58XZA,2.0,5,http://www.amazon.jp/reviews/iframe?akid=AKIAIHC5MGDNMMKTRPOA&alinkCode=xm2&asin=B00YU58XZA&atag=kyoheikoga04-22&exp=2016-07-16T04%3A50%3A52Z&v=2&sig=xP2l0TpYClWEpJaxnKL19yT6ldBxZ9UPb%2F954955u08%3D
B00JIH9E8U,4.0,1,http://www.amazon.jp/reviews/iframe?akid=AKIAIHC5MGDNMMKTRPOA&alinkCode=xm2&asin=B00JIH9E8U&atag=kyoheikoga04-22&exp=2016-07-16T04%3A50%3A57Z&v=2&sig=%2Byvh1QULwIFqEulyjzmczkUXWnWYrp9MbmJOSJzUNRs%3D
B017EIH4ZY,3.5,51,http://www.amazon.jp/reviews/iframe?akid=AKIAIHC5MGDNMMKTRPOA&alinkCode=xm2&asin=B017EIH4ZY&atag=kyoheikoga04-22&exp=2016-07-16T04%3A51%3A02Z&v=2&sig=01z7AYBVgi7%2BKxO5etMKYAY8Vb77Pv%2FhqPctkrLknd8%3D
B00LZCS0G8,0,0,http://www.amazon.jp/reviews/iframe?akid=AKIAIHC5MGDNMMKTRPOA&alinkCode=xm2&asin=B00LZCS0G8&atag=kyoheikoga04-22&exp=2016-07-16T04%3A51%3A10Z&v=2&sig=VTAbAvfCJtQ4zg4hMATzJl%2BRSqzaXV2RtftcRtvZz1w%3D
B00QK2RZG4,3.1,123,http://www.amazon.jp/reviews/iframe?akid=AKIAIHC5MGDNMMKTRPOA&alinkCode=xm2&asin=B00QK2RZG4&atag=kyoheikoga04-22&exp=2016-07-16T04%3A51%3A12Z&v=2&sig=tVXSEEGgBoWj5LaH%2FBT5pqiu%2BHU0Z9c3awOc3aXcIqs%3D
B00ZT6LEV4,4.2,39,http://www.amazon.jp/reviews/iframe?akid=AKIAIHC5MGDNMMKTRPOA&alinkCode=xm2&asin=B00ZT6LEV4&atag=kyoheikoga04-22&exp=2016-07-16T04%3A51%3A18Z&v=2&sig=g9dXQJrkYAfS7CYIG%2BjzxmdOKLD3An2tL8R%2BN2U%2BHBw%3D
B0157V1A5A,4.3,3,http://www.amazon.jp/reviews/iframe?akid=AKIAIHC5MGDNMMKTRPOA&alinkCode=xm2&asin=B0157V1A5A&atag=kyoheikoga04-22&exp=2016-07-16T04%3A51%3A24Z&v=2&sig=9WfGF168hFXKfeD3zrpToHdDMZXUEsImAxcrFr%2FXd1c%3D
B016UFOVYO,3.1,8,http://www.amazon.jp/reviews/iframe?akid=AKIAIHC5MGDNMMKTRPOA&alinkCode=xm2&asin=B016UFOVYO&atag=kyoheikoga04-22&exp=2016-07-16T04%3A51%3A28Z&v=2&sig=qV7rK2MhuJTw5u6AwDGKqHKkZyd6hmb%2FSaniInSsb94%3D
B00O1FCR0Q,4.0,8,http://www.amazon.jp/reviews/iframe?akid=AKIAIHC5MGDNMMKTRPOA&alinkCode=xm2&asin=B00O1FCR0Q&atag=kyoheikoga04-22&exp=2016-07-16T04%3A51%3A33Z&v=2&sig=HyRA3EQgR8Z07Nf6X3vPkulr3%2B8Yg%2BeQ%2FFFdoi5LH%2F8%3D
B019THGHDS,5.0,1,http://www.amazon.jp/reviews/iframe?akid=AKIAIHC5MGDNMMKTRPOA&alinkCode=xm2&asin=B019THGHDS&atag=kyoheikoga04-22&exp=2016-07-16T04%3A51%3A43Z&v=2&sig=8c%2Fd7HzYlX44phdv1GjEARWn4xhIHM8I9HlRmrQw9QA%3D
B0157V1A64,4.0,1,http://www.amazon.jp/reviews/iframe?akid=AKIAIHC5MGDNMMKTRPOA&alinkCode=xm2&asin=B0157V1A64&atag=kyoheikoga04-22&exp=2016-07-16T04%3A51%3A49Z&v=2&sig=zUjF6adpEBvNrWn0N7oDFkznbUrAVZwmspMa%2BFoxEaM%3D
B01FFAZJD2,4.0,36,http://www.amazon.jp/reviews/iframe?akid=AKIAIHC5MGDNMMKTRPOA&alinkCode=xm2&asin=B01FFAZJD2&atag=kyoheikoga04-22&exp=2016-07-16T04%3A51%3A54Z&v=2&sig=FdcplCOuY5cZEXcpFnjjj6dlBUXOTJodynG5PaemYMU%3D
B00JA6YORA,3.7,163,http://www.amazon.jp/reviews/iframe?akid=AKIAIHC5MGDNMMKTRPOA&alinkCode=xm2&asin=B00JA6YORA&atag=kyoheikoga04-22&exp=2016-07-16T04%3A51%3A59Z&v=2&sig=t8S0DBaDxrySYVk6tC5DDseYom7Tp2rTYxpGe%2B%2FghC8%3D
B00ZT9BYRU,4.2,39,http://www.amazon.jp/reviews/iframe?akid=AKIAIHC5MGDNMMKTRPOA&alinkCode=xm2&asin=B00ZT9BYRU&atag=kyoheikoga04-22&exp=2016-07-16T04%3A52%3A04Z&v=2&sig=dceW4lLYCcNTPXq5ZCb7RXyocczwhODDkahFMVt4WhQ%3D
B016IIRE6A,2.0,5,http://www.amazon.jp/reviews/iframe?akid=AKIAIHC5MGDNMMKTRPOA&alinkCode=xm2&asin=B016IIRE6A&atag=kyoheikoga04-22&exp=2016-07-16T04%3A52%3A10Z&v=2&sig=XwNIQlkWwvagWhhG%2B8U9jBmJawBEmVLbd9wGgZFT4Vk%3D
B01FJHJGQW,0,0,http://www.amazon.jp/reviews/iframe?akid=AKIAIHC5MGDNMMKTRPOA&alinkCode=xm2&asin=B01FJHJGQW&atag=kyoheikoga04-22&exp=2016-07-16T04%3A52%3A19Z&v=2&sig=C0cIjGMoiOHuWA0Uf0KvK%2BrGRkM9OCBRoKY30TuW3MY%3D
B01DU9HJWY,0,0,http://www.amazon.jp/reviews/iframe?akid=AKIAIHC5MGDNMMKTRPOA&alinkCode=xm2&asin=B01DU9HJWY&atag=kyoheikoga04-22&exp=2016-07-16T04%3A52%3A22Z&v=2&sig=jVo4wyJuuIYNXKHkRnsaKl31tNEM6R1qusRmaLx7mQc%3D
B01H2VVE4U,0,0,http://www.amazon.jp/reviews/iframe?akid=AKIAIHC5MGDNMMKTRPOA&alinkCode=xm2&asin=B01H2VVE4U&atag=kyoheikoga04-22&exp=2016-07-16T04%3A52%3A25Z&v=2&sig=NNseu7PQxXFqDScP56c1mlDKcRBguTCi9q1vLAPsO%2BU%3D
B017VU58XU,0,0,http://www.amazon.jp/reviews/iframe?akid=AKIAIHC5MGDNMMKTRPOA&alinkCode=xm2&asin=B017VU58XU&atag=kyoheikoga04-22&exp=2016-07-16T04%3A52%3A28Z&v=2&sig=%2BeJKFJYFikFvrQTA6VpM1qURxY6c%2F70Wu0HR%2Fa4ZE%2FQ%3D
B018U9FN90,0,0,http://www.amazon.jp/reviews/iframe?akid=AKIAIHC5MGDNMMKTRPOA&alinkCode=xm2&asin=B018U9FN90&atag=kyoheikoga04-22&exp=2016-07-16T04%3A52%3A31Z&v=2&sig=aaXuQsJU5F2NLStSXvJKkIIABIHKgdNP8svruPDbqZg%3D
B01GYBVF7A,0,0,http://www.amazon.jp/reviews/iframe?akid=AKIAIHC5MGDNMMKTRPOA&alinkCode=xm2&asin=B01GYBVF7A&atag=kyoheikoga04-22&exp=2016-07-16T04%3A52%3A33Z&v=2&sig=pxByPOlisR7mFBoeQ775%2BJBzV24j0LC91ZrecPNL%2FB8%3D
B015R4G36I,3.1,123,http://www.amazon.jp/reviews/iframe?akid=AKIAIHC5MGDNMMKTRPOA&alinkCode=xm2&asin=B015R4G36I&atag=kyoheikoga04-22&exp=2016-07-16T04%3A52%3A37Z&v=2&sig=eHkR%2BvQYWG2cjxVWf%2FmgE74Moqm4MCsliMTyQPtCGW0%3D
B00ID63UZU,3.7,3,http://www.amazon.jp/reviews/iframe?akid=AKIAIHC5MGDNMMKTRPOA&alinkCode=xm2&asin=B00ID63UZU&atag=kyoheikoga04-22&exp=2016-07-16T04%3A52%3A43Z&v=2&sig=1K4egSUJggsvI4ldrWmh8F9Y8mjs4g%2FPEa8q9mS71rQ%3D
B00JA6YOR0,3.7,163,http://www.amazon.jp/reviews/iframe?akid=AKIAIHC5MGDNMMKTRPOA&alinkCode=xm2&asin=B00JA6YOR0&atag=kyoheikoga04-22&exp=2016-07-16T04%3A52%3A49Z&v=2&sig=UfYGTmJcMCbf1kH5k8nBVzka%2F3M9Y9a9pLvSFu0HqYQ%3D
B00ZT64GJ6,4.2,39,http://www.amazon.jp/reviews/iframe?akid=AKIAIHC5MGDNMMKTRPOA&alinkCode=xm2&asin=B00ZT64GJ6&atag=kyoheikoga04-22&exp=2016-07-16T04%3A52%3A54Z&v=2&sig=3p%2BDAru%2BkM%2FdUUpMVchncSBR6kltKTlwJWxmXlcfr4k%3D
B00PJIALGQ,4.2,21,http://www.amazon.jp/reviews/iframe?akid=AKIAIHC5MGDNMMKTRPOA&alinkCode=xm2&asin=B00PJIALGQ&atag=kyoheikoga04-22&exp=2016-07-16T04%3A53%3A00Z&v=2&sig=QKMpXXs3ZNgt69fLm6ZlN0d%2FbzYtXzA0LYKLuEY53IY%3D
B01FJHJH0M,0,0,http://www.amazon.jp/reviews/iframe?akid=AKIAIHC5MGDNMMKTRPOA&alinkCode=xm2&asin=B01FJHJH0M&atag=kyoheikoga04-22&exp=2016-07-16T04%3A53%3A09Z&v=2&sig=wZCHHCGOn%2F6dy6zA2DObY2%2BtfVTjQDqVG7K7x9dMAW8%3D
B00J9BPM36,3.2,17,http://www.amazon.jp/reviews/iframe?akid=AKIAIHC5MGDNMMKTRPOA&alinkCode=xm2&asin=B00J9BPM36&atag=kyoheikoga04-22&exp=2016-07-16T04%3A53%3A13Z&v=2&sig=%2FJQW4AhuwJxdKWErtW22MQz9UFQPiGibkbBQu4%2FzsXg%3D
B014KY26SA,4.0,1,http://www.amazon.jp/reviews/iframe?akid=AKIAIHC5MGDNMMKTRPOA&alinkCode=xm2&asin=B014KY26SA&atag=kyoheikoga04-22&exp=2016-07-16T04%3A53%3A18Z&v=2&sig=CsFV43Al%2BvJiH9Sb%2BYB3CFlh0gFsY1b3agVnody46CU%3D
B01FFAZJ6Y,4.0,36,http://www.amazon.jp/reviews/iframe?akid=AKIAIHC5MGDNMMKTRPOA&alinkCode=xm2&asin=B01FFAZJ6Y&atag=kyoheikoga04-22&exp=2016-07-16T04%3A53%3A25Z&v=2&sig=x6Y4p26G8CYclCyiVIh3Akx2RkwEyMiIrfxbD112bow%3D
B01FHAR5EQ,0,0,http://www.amazon.jp/reviews/iframe?akid=AKIAIHC5MGDNMMKTRPOA&alinkCode=xm2&asin=B01FHAR5EQ&atag=kyoheikoga04-22&exp=2016-07-16T04%3A53%3A31Z&v=2&sig=iirJHNNhq%2FQiaNym6jnvDTXeMEPPlHKHlW5GJJT7Sc8%3D
B013WAJ2VM,0,0,http://www.amazon.jp/reviews/iframe?akid=AKIAIHC5MGDNMMKTRPOA&alinkCode=xm2&asin=B013WAJ2VM&atag=kyoheikoga04-22&exp=2016-07-16T04%3A53%3A34Z&v=2&sig=titJ%2BGmejRedJ8didS9UVOiKSNdu5t7HrKyudn5IaXs%3D
B00VR4C7F4,3.4,17,http://www.amazon.jp/reviews/iframe?akid=AKIAIHC5MGDNMMKTRPOA&alinkCode=xm2&asin=B00VR4C7F4&atag=kyoheikoga04-22&exp=2016-07-16T04%3A53%3A36Z&v=2&sig=9RE75SSnKKxbLhFChJVjPP0r4%2FSTlG%2BiySS5%2FdpKQlc%3D
B00VR4C7ZO,3.4,17,http://www.amazon.jp/reviews/iframe?akid=AKIAIHC5MGDNMMKTRPOA&alinkCode=xm2&asin=B00VR4C7ZO&atag=kyoheikoga04-22&exp=2016-07-16T04%3A53%3A46Z&v=2&sig=tXhmk4WnrKICGJHuTzOocWwAsOzF2lhlRbkKk3dgXVc%3D
B0148LVLSG,0,0,http://www.amazon.jp/reviews/iframe?akid=AKIAIHC5MGDNMMKTRPOA&alinkCode=xm2&asin=B0148LVLSG&atag=kyoheikoga04-22&exp=2016-07-16T04%3A53%3A54Z&v=2&sig=IiMJ75jM1QXSo5jqlHFTVyFbXov9fJRTKm8NT8Eu%2FQk%3D
B00VR4C75E,3.5,250,http://www.amazon.jp/reviews/iframe?akid=AKIAIHC5MGDNMMKTRPOA&alinkCode=xm2&asin=B00VR4C75E&atag=kyoheikoga04-22&exp=2016-07-16T04%3A53%3A57Z&v=2&sig=p8yPlhA4VTUanGkRboZF4YSFJV3WhXzwISU4x9Av2P0%3D
B00TW9H0Z8,3.0,2,http://www.amazon.jp/reviews/iframe?akid=AKIAIHC5MGDNMMKTRPOA&alinkCode=xm2&asin=B00TW9H0Z8&atag=kyoheikoga04-22&exp=2016-07-16T04%3A54%3A01Z&v=2&sig=zYGNrETvCo6jIPeNNVB7xfl%2BsGrYvymxWhtWVOeTVj8%3D
B0175UKJ2G,3.5,250,http://www.amazon.jp/reviews/iframe?akid=AKIAIHC5MGDNMMKTRPOA&alinkCode=xm2&asin=B0175UKJ2G&atag=kyoheikoga04-22&exp=2016-07-16T04%3A54%3A11Z&v=2&sig=69UPmEj0csvinb%2FGGlHt1yCsZ2%2B1lJ3I%2BKrhMlm6ReQ%3D
B00VR4CBV4,3.5,250,http://www.amazon.jp/reviews/iframe?akid=AKIAIHC5MGDNMMKTRPOA&alinkCode=xm2&asin=B00VR4CBV4&atag=kyoheikoga04-22&exp=2016-07-16T04%3A54%3A16Z&v=2&sig=QLO2zY%2BYOQBAJPiCZ2OIWMdbb7IDOkKMOWP7zzURAA8%3D
B010UAIIDK,0,0,http://www.amazon.jp/reviews/iframe?akid=AKIAIHC5MGDNMMKTRPOA&alinkCode=xm2&asin=B010UAIIDK&atag=kyoheikoga04-22&exp=2016-07-16T04%3A54%3A21Z&v=2&sig=Pn6w%2Fy%2BCPr6KeZ4RMBHAPpuzTux9CASPpKjqun9jFxg%3D
B01GFVW22Q,0,0,http://www.amazon.jp/reviews/iframe?akid=AKIAIHC5MGDNMMKTRPOA&alinkCode=xm2&asin=B01GFVW22Q&atag=kyoheikoga04-22&exp=2016-07-16T04%3A54%3A23Z&v=2&sig=wQSt3NT0lqDGnzeGoUxGBum5ukn9xXb%2FGyouDqHN0BI%3D
B00QK2EB0W,3.1,123,http://www.amazon.jp/reviews/iframe?akid=AKIAIHC5MGDNMMKTRPOA&alinkCode=xm2&asin=B00QK2EB0W&atag=kyoheikoga04-22&exp=2016-07-16T04%3A54%3A26Z&v=2&sig=o9ItCCKtr2G0ag9AXxFZFlskRoVbzW%2By6GYQONuOcyY%3D
B018ORDSC2,3.5,123,http://www.amazon.jp/reviews/iframe?akid=AKIAIHC5MGDNMMKTRPOA&alinkCode=xm2&asin=B018ORDSC2&atag=kyoheikoga04-22&exp=2016-07-16T04%3A54%3A31Z&v=2&sig=D4Rrppph7N55VM%2FakmfbSTGVTV%2FjCE12fWR0lG6hWDU%3D
B00G91T686,1.0,1,http://www.amazon.jp/reviews/iframe?akid=AKIAIHC5MGDNMMKTRPOA&alinkCode=xm2&asin=B00G91T686&atag=kyoheikoga04-22&exp=2016-07-16T04%3A54%3A35Z&v=2&sig=ox3Tb6ZBR%2F4%2Bvic1p5jQPWCazIbHYsUo%2Bq%2F6BfzRb54%3D
B00DU4EAUY,4.2,23,http://www.amazon.jp/reviews/iframe?akid=AKIAIHC5MGDNMMKTRPOA&alinkCode=xm2&asin=B00DU4EAUY&atag=kyoheikoga04-22&exp=2016-07-16T04%3A54%3A40Z&v=2&sig=OF0feN92AwbB2pcUIDwyf7EjGKCYJSMdIf6veW%2F09ms%3D
B0178WO79C,0,0,http://www.amazon.jp/reviews/iframe?akid=AKIAIHC5MGDNMMKTRPOA&alinkCode=xm2&asin=B0178WO79C&atag=kyoheikoga04-22&exp=2016-07-16T04%3A54%3A49Z&v=2&sig=MsacRgH9LG2sl4BhZ1MFFoJBEHDlhbmcvi7HCeEBG9A%3D
B01BHLBBMG,0,0,http://www.amazon.jp/reviews/iframe?akid=AKIAIHC5MGDNMMKTRPOA&alinkCode=xm2&asin=B01BHLBBMG&atag=kyoheikoga04-22&exp=2016-07-16T04%3A54%3A51Z&v=2&sig=mPmX6gsfhpOrDed9neIrl4CmXi%2BxOMk%2FVm1XY2zrLBQ%3D
B017SB84VK,3.7,22,http://www.amazon.jp/reviews/iframe?akid=AKIAIHC5MGDNMMKTRPOA&alinkCode=xm2&asin=B017SB84VK&atag=kyoheikoga04-22&exp=2016-07-16T04%3A54%3A54Z&v=2&sig=i1F81EX9jn9daEp3BF%2BI0i9XCEqCiIPnm89La2%2FY5pU%3D
B017SB84TW,4.2,12,http://www.amazon.jp/reviews/iframe?akid=AKIAIHC5MGDNMMKTRPOA&alinkCode=xm2&asin=B017SB84TW&atag=kyoheikoga04-22&exp=2016-07-16T04%3A55%3A00Z&v=2&sig=7BoLVsZXEXSpscINjpnJfhnxD7imKQl%2F9xzEXXTOCwg%3D
B017VU58V2,0,0,http://www.amazon.jp/reviews/iframe?akid=AKIAIHC5MGDNMMKTRPOA&alinkCode=xm2&asin=B017VU58V2&atag=kyoheikoga04-22&exp=2016-07-16T04%3A55%3A05Z&v=2&sig=UnqepyYpheMsUPwOsZX0z2zCWXU3%2BGcDNRHqMPOlD80%3D
B01HCH8S52,0,0,http://www.amazon.jp/reviews/iframe?akid=AKIAIHC5MGDNMMKTRPOA&alinkCode=xm2&asin=B01HCH8S52&atag=kyoheikoga04-22&exp=2016-07-16T04%3A55%3A08Z&v=2&sig=D8hZ0WRuNhMv7wBgTChPp%2F%2F8O11SveCSefBawoI6GHw%3D
B00CL66DLG,0,0,http://www.amazon.jp/reviews/iframe?akid=AKIAIHC5MGDNMMKTRPOA&alinkCode=xm2&asin=B00CL66DLG&atag=kyoheikoga04-22&exp=2016-07-16T04%3A55%3A10Z&v=2&sig=PxmvUuHNSAEI0RDavCUSpbs0GwTcHpCH6azfxpCwJME%3D
B015R4FZRQ,3.1,123,http://www.amazon.jp/reviews/iframe?akid=AKIAIHC5MGDNMMKTRPOA&alinkCode=xm2&asin=B015R4FZRQ&atag=kyoheikoga04-22&exp=2016-07-16T04%3A55%3A12Z&v=2&sig=RA43E7Ke6CQjTT1cTikxqSRxS7bLO5Zs7XZaglHwK%2FQ%3D
B00N7MHNJ4,0,0,http://www.amazon.jp/reviews/iframe?akid=AKIAIHC5MGDNMMKTRPOA&alinkCode=xm2&asin=B00N7MHNJ4&atag=kyoheikoga04-22&exp=2016-07-16T04%3A55%3A20Z&v=2&sig=AJYIFhQdlQcJGrs%2F7xzDkqQccFR2lDDjft1a%2FSykJxg%3D
B00DU4EB4E,4.2,23,http://www.amazon.jp/reviews/iframe?akid=AKIAIHC5MGDNMMKTRPOA&alinkCode=xm2&asin=B00DU4EB4E&atag=kyoheikoga04-22&exp=2016-07-16T04%3A55%3A22Z&v=2&sig=EWM3wODCgW1kmq5FwHsiNjx4CSyqxuO1%2FTFqrP2YSTk%3D
B01GRFWBCG,0,0,http://www.amazon.jp/reviews/iframe?akid=AKIAIHC5MGDNMMKTRPOA&alinkCode=xm2&asin=B01GRFWBCG&atag=kyoheikoga04-22&exp=2016-07-16T04%3A55%3A27Z&v=2&sig=7uQPtczeuvj4%2BY1Iztw6IvTLgbmOLF6frnMpRI%2FTsXM%3D
B017VU58X0,0,0,http://www.amazon.jp/reviews/iframe?akid=AKIAIHC5MGDNMMKTRPOA&alinkCode=xm2&asin=B017VU58X0&atag=kyoheikoga04-22&exp=2016-07-16T04%3A55%3A29Z&v=2&sig=x4SZEUDQjyH3EWIzPh1BOVCscOO3s%2BXAIKCbhaXuW48%3D
B01GRG3QQA,0,0,http://www.amazon.jp/reviews/iframe?akid=AKIAIHC5MGDNMMKTRPOA&alinkCode=xm2&asin=B01GRG3QQA&atag=kyoheikoga04-22&exp=2016-07-16T04%3A55%3A32Z&v=2&sig=zKPFMabJiA62j6jOrrJ1wH026bYgq9EzNfqcUAA4yuQ%3D
B00S5I9H4O,0,0,http://www.amazon.jp/reviews/iframe?akid=AKIAIHC5MGDNMMKTRPOA&alinkCode=xm2&asin=B00S5I9H4O&atag=kyoheikoga04-22&exp=2016-07-16T04%3A55%3A43Z&v=2&sig=IAhYYDfP5L1eX%2FJ5DNYTfnEWNF1t%2FoBPjmoo9jZsIqA%3D
B01FJAQRRK,4.8,9,http://www.amazon.jp/reviews/iframe?akid=AKIAIHC5MGDNMMKTRPOA&alinkCode=xm2&asin=B01FJAQRRK&atag=kyoheikoga04-22&exp=2016-07-16T04%3A55%3A45Z&v=2&sig=fvMI2FbwcyeFaBGx2cI%2B9nfap6Z2RsKorP6nxGYDPOc%3D
B01GH59LGU,0,0,http://www.amazon.jp/reviews/iframe?akid=AKIAIHC5MGDNMMKTRPOA&alinkCode=xm2&asin=B01GH59LGU&atag=kyoheikoga04-22&exp=2016-07-16T04%3A55%3A54Z&v=2&sig=Vgl8WBxlz6Du8D0Bdi2Q4ka3jO7z%2BkjTD4xjVFnK8og%3D
B01GRFWBFS,0,0,http://www.amazon.jp/reviews/iframe?akid=AKIAIHC5MGDNMMKTRPOA&alinkCode=xm2&asin=B01GRFWBFS&atag=kyoheikoga04-22&exp=2016-07-16T04%3A55%3A57Z&v=2&sig=rgO%2FVX7HAqkxxRvN%2Bw5I3%2FIw6MExcUT%2FOmchbdBMn54%3D
B019SZJ2I8,5.0,2,http://www.amazon.jp/reviews/iframe?akid=AKIAIHC5MGDNMMKTRPOA&alinkCode=xm2&asin=B019SZJ2I8&atag=kyoheikoga04-22&exp=2016-07-16T04%3A55%3A59Z&v=2&sig=Z68LknqgnPF8PdH52Xw%2FUhgAj90AFBYCKZtwSHerpkI%3D
B0166FSU04,0,0,http://www.amazon.jp/reviews/iframe?akid=AKIAIHC5MGDNMMKTRPOA&alinkCode=xm2&asin=B0166FSU04&atag=kyoheikoga04-22&exp=2016-07-16T04%3A56%3A05Z&v=2&sig=mfaMZe5kg2%2B91u8CGFpsugZHmIMnjhPtM81z%2BWdRbaM%3D
B00ZI2X7MI,1.0,1,http://www.amazon.jp/reviews/iframe?akid=AKIAIHC5MGDNMMKTRPOA&alinkCode=xm2&asin=B00ZI2X7MI&atag=kyoheikoga04-22&exp=2016-07-16T04%3A56%3A08Z&v=2&sig=V9pxz4dJbVpFp%2Bg8IDobHXyeYMR42Na8KCd%2FiiAIONw%3D
B01028R05C,0,0,http://www.amazon.jp/reviews/iframe?akid=AKIAIHC5MGDNMMKTRPOA&alinkCode=xm2&asin=B01028R05C&atag=kyoheikoga04-22&exp=2016-07-16T04%3A56%3A12Z&v=2&sig=ibtsenqzU5X3Bxb0haX6XtdOHw5mI5SCHSNf3luW4z4%3D
B00N7MFZA8,0,0,http://www.amazon.jp/reviews/iframe?akid=AKIAIHC5MGDNMMKTRPOA&alinkCode=xm2&asin=B00N7MFZA8&atag=kyoheikoga04-22&exp=2016-07-16T04%3A56%3A15Z&v=2&sig=aJhgCIi2omFSLInUkNxmwdCwqtd7JvuW1D%2FnREUpHAk%3D
B0178WMKM8,0,0,http://www.amazon.jp/reviews/iframe?akid=AKIAIHC5MGDNMMKTRPOA&alinkCode=xm2&asin=B0178WMKM8&atag=kyoheikoga04-22&exp=2016-07-16T04%3A56%3A17Z&v=2&sig=kSiZjPFkH59gtN0Cp4T%2Bf2B68dToKB5n5dkzU4iITrg%3D
B00Z5P6ZYK,0,0,http://www.amazon.jp/reviews/iframe?akid=AKIAIHC5MGDNMMKTRPOA&alinkCode=xm2&asin=B00Z5P6ZYK&atag=kyoheikoga04-22&exp=2016-07-16T04%3A56%3A22Z&v=2&sig=GrCJUle6Wolpt10uGQx27uoe9dIdW5w6Gar24DEakPU%3D
B018JQ5W7M,0,0,http://www.amazon.jp/reviews/iframe?akid=AKIAIHC5MGDNMMKTRPOA&alinkCode=xm2&asin=B018JQ5W7M&atag=kyoheikoga04-22&exp=2016-07-16T04%3A56%3A25Z&v=2&sig=od2MAC%2Fz4HFiBRN%2BOaqgnwEs6TV07SdZqcmcMppKRf0%3D
B018VOMC98,0,0,http://www.amazon.jp/reviews/iframe?akid=AKIAIHC5MGDNMMKTRPOA&alinkCode=xm2&asin=B018VOMC98&atag=kyoheikoga04-22&exp=2016-07-16T04%3A56%3A27Z&v=2&sig=Q%2FOCT7AAS0FdpLlwxyeU5UJGI%2F6CBQV%2BFZ0Oxfk%2BJlQ%3D
B013XYAWOI,1.0,1,http://www.amazon.jp/reviews/iframe?akid=AKIAIHC5MGDNMMKTRPOA&alinkCode=xm2&asin=B013XYAWOI&atag=kyoheikoga04-22&exp=2016-07-16T04%3A56%3A29Z&v=2&sig=XfKkM%2FGwAdYGygWm8pTuIgHcmT9Dt91yx4S8Gc62SGc%3D
B01CTGMEP6,0,0,http://www.amazon.jp/reviews/iframe?akid=AKIAIHC5MGDNMMKTRPOA&alinkCode=xm2&asin=B01CTGMEP6&atag=kyoheikoga04-22&exp=2016-07-16T04%3A56%3A39Z&v=2&sig=LMOmxNG8IeuM8%2BlXqxsHgW0S0bQaOrofGP3oWqyvFWg%3D
B01I6GGA94,0,0,http://www.amazon.jp/reviews/iframe?akid=AKIAIHC5MGDNMMKTRPOA&alinkCode=xm2&asin=B01I6GGA94&atag=kyoheikoga04-22&exp=2016-07-16T04%3A56%3A42Z&v=2&sig=2TOB59duZxCivjlosldTnOMQjlFHPp6yzPiEkb8iZdc%3D
B01FM1TCHS,3.7,163,http://www.amazon.jp/reviews/iframe?akid=AKIAIHC5MGDNMMKTRPOA&alinkCode=xm2&asin=B01FM1TCHS&atag=kyoheikoga04-22&exp=2016-07-16T04%3A56%3A45Z&v=2&sig=OIpNi%2B2r4jY25MkcHafqjLiK%2FnEhpDMS8JND7%2BRRVHo%3D
B01FD8LUS4,4.3,26,http://www.amazon.jp/reviews/iframe?akid=AKIAIHC5MGDNMMKTRPOA&alinkCode=xm2&asin=B01FD8LUS4&atag=kyoheikoga04-22&exp=2016-07-16T04%3A56%3A51Z&v=2&sig=z7mZz35AxCqNzjBbVKv3P8%2BNat64faizlO3vnHUNgG8%3D
B00JIH9CVY,1.4,5,http://www.amazon.jp/reviews/iframe?akid=AKIAIHC5MGDNMMKTRPOA&alinkCode=xm2&asin=B00JIH9CVY&atag=kyoheikoga04-22&exp=2016-07-16T04%3A57%3A04Z&v=2&sig=5h6ZBGg8tCbhCthbGPes0zexGXHpdggCbGbqGcMXZ5A%3D
B00TW9H28S,5.0,1,http://www.amazon.jp/reviews/iframe?akid=AKIAIHC5MGDNMMKTRPOA&alinkCode=xm2&asin=B00TW9H28S&atag=kyoheikoga04-22&exp=2016-07-16T04%3A57%3A09Z&v=2&sig=IDARwF19PpM%2F%2FVxGE5ny3rx25BJT%2B%2BIKoVznvS5jQxw%3D
B0116EZ1UC,2.8,104,http://www.amazon.jp/reviews/iframe?akid=AKIAIHC5MGDNMMKTRPOA&alinkCode=xm2&asin=B0116EZ1UC&atag=kyoheikoga04-22&exp=2016-07-16T04%3A57%3A15Z&v=2&sig=jbHl00XZomjm9EkuPSbt77lASyMw%2Blp4xicw3qjfZDI%3D
B01I54LC1S,0,0,http://www.amazon.jp/reviews/iframe?akid=AKIAIHC5MGDNMMKTRPOA&alinkCode=xm2&asin=B01I54LC1S&atag=kyoheikoga04-22&exp=2016-07-16T04%3A57%3A26Z&v=2&sig=Zzvq67qEUKDqyRlVtDsQnyTqWgW5HzypmlJAbtU%2FfC0%3D
B01EWMED0E,0,0,http://www.amazon.jp/reviews/iframe?akid=AKIAIHC5MGDNMMKTRPOA&alinkCode=xm2&asin=B01EWMED0E&atag=kyoheikoga04-22&exp=2016-07-16T04%3A57%3A28Z&v=2&sig=S8CW3UFSDVoCukmWoMyPUvpg1h%2F1kdly8Q9qmrrlRRU%3D
B01IBKM9ZY,0,0,http://www.amazon.jp/reviews/iframe?akid=AKIAIHC5MGDNMMKTRPOA&alinkCode=xm2&asin=B01IBKM9ZY&atag=kyoheikoga04-22&exp=2016-07-16T04%3A57%3A31Z&v=2&sig=60uaRqYKf%2BjBijQfysNeCwbyl6UdXDZqYaiRXlEk1w0%3D
B01IBKMBKW,0,0,http://www.amazon.jp/reviews/iframe?akid=AKIAIHC5MGDNMMKTRPOA&alinkCode=xm2&asin=B01IBKMBKW&atag=kyoheikoga04-22&exp=2016-07-16T04%3A57%3A33Z&v=2&sig=8tOzwIWnbFTR32gOSDZfolv7vqs1%2FHR7oxNJSz6FI7c%3D
B00KV28SRY,2.9,8,http://www.amazon.jp/reviews/iframe?akid=AKIAIHC5MGDNMMKTRPOA&alinkCode=xm2&asin=B00KV28SRY&atag=kyoheikoga04-22&exp=2016-07-16T04%3A57%3A36Z&v=2&sig=K2Ee6uw1UYTzBINpnJG2Cu7%2FJPWZwNATG%2Bp4xfuHeN8%3D
B01I577QGA,0,0,http://www.amazon.jp/reviews/iframe?akid=AKIAIHC5MGDNMMKTRPOA&alinkCode=xm2&asin=B01I577QGA&atag=kyoheikoga04-22&exp=2016-07-16T04%3A57%3A49Z&v=2&sig=6wEkeOlIknCddQXp1XKZ7A1ej3lJUPWjKqzhUekkVVY%3D
B01I695D4Y,0,0,http://www.amazon.jp/reviews/iframe?akid=AKIAIHC5MGDNMMKTRPOA&alinkCode=xm2&asin=B01I695D4Y&atag=kyoheikoga04-22&exp=2016-07-16T04%3A57%3A51Z&v=2&sig=dgRdOba4yHd5rkD8HdNyOsikeK5NS4W%2BLz%2FKazDDqbE%3D
B01FJHJBXA,0,0,http://www.amazon.jp/reviews/iframe?akid=AKIAIHC5MGDNMMKTRPOA&alinkCode=xm2&asin=B01FJHJBXA&atag=kyoheikoga04-22&exp=2016-07-16T04%3A57%3A55Z&v=2&sig=JxPYIdMvW4RbkncX30zErXKjqnN7Htcj%2Bx2dgJJ3Jfg%3D
B01IBUXFEI,0,0,http://www.amazon.jp/reviews/iframe?akid=AKIAIHC5MGDNMMKTRPOA&alinkCode=xm2&asin=B01IBUXFEI&atag=kyoheikoga04-22&exp=2016-07-16T04%3A57%3A58Z&v=2&sig=o7Sy7nihWcXyLeO3Ipb9%2FTJQFhn7aylc5L7N2VvFWK4%3D
B00HQIFKWW,3.0,17,http://www.amazon.jp/reviews/iframe?akid=AKIAIHC5MGDNMMKTRPOA&alinkCode=xm2&asin=B00HQIFKWW&atag=kyoheikoga04-22&exp=2016-07-16T04%3A58%3A00Z&v=2&sig=HhNdYhvgHhApJ1Sxp59P02skE1E0sqtrRIWCUxu8rbw%3D
B018FR4VXQ,0,0,http://www.amazon.jp/reviews/iframe?akid=AKIAIHC5MGDNMMKTRPOA&alinkCode=xm2&asin=B018FR4VXQ&atag=kyoheikoga04-22&exp=2016-07-16T04%3A58%3A05Z&v=2&sig=28c8vpIQoCVk44PnI00LG2CB%2BDxw9iTR5u1hB3ewU5Q%3D
B00T5M41YU,2.4,8,http://www.amazon.jp/reviews/iframe?akid=AKIAIHC5MGDNMMKTRPOA&alinkCode=xm2&asin=B00T5M41YU&atag=kyoheikoga04-22&exp=2016-07-16T04%3A58%3A13Z&v=2&sig=HO2LQ386N5FdQpRGjx%2FCN6iZwgjI1Tkkl7VeXrTOu0Y%3D
B015ZL8EWY,3.1,57,http://www.amazon.jp/reviews/iframe?akid=AKIAIHC5MGDNMMKTRPOA&alinkCode=xm2&asin=B015ZL8EWY&atag=kyoheikoga04-22&exp=2016-07-16T04%3A58%3A23Z&v=2&sig=nmrjdwLz5Aok6lkxvfqTthZfEhNF8Pww8QBK2wVQN5M%3D
B00L0431QA,3.7,163,http://www.amazon.jp/reviews/iframe?akid=AKIAIHC5MGDNMMKTRPOA&alinkCode=xm2&asin=B00L0431QA&atag=kyoheikoga04-22&exp=2016-07-16T04%3A58%3A28Z&v=2&sig=bjoTGq2BUuPX7%2BDDyJ6AL9k%2BiccAuB5cV6h2g%2BY%2BKac%3D
B00JX8A6PO,3.5,2,http://www.amazon.jp/reviews/iframe?akid=AKIAIHC5MGDNMMKTRPOA&alinkCode=xm2&asin=B00JX8A6PO&atag=kyoheikoga04-22&exp=2016-07-16T04%3A58%3A48Z&v=2&sig=QLuFStk3X7mqT%2BW%2F99y8Mb6gsZxjktoCHFaSKQKC%2Fl8%3D
B017HIT4DQ,0,0,http://www.amazon.jp/reviews/iframe?akid=AKIAIHC5MGDNMMKTRPOA&alinkCode=xm2&asin=B017HIT4DQ&atag=kyoheikoga04-22&exp=2016-07-16T04%3A58%3A53Z&v=2&sig=jYfRoxjLDpLHlNbXL%2BX7UQNz%2B6iFptpfjGwAUZZqc%2BM%3D
B01FJHJ6Q2,0,0,http://www.amazon.jp/reviews/iframe?akid=AKIAIHC5MGDNMMKTRPOA&alinkCode=xm2&asin=B01FJHJ6Q2&atag=kyoheikoga04-22&exp=2016-07-16T04%3A58%3A58Z&v=2&sig=1oFtB3d0AwKMrdLSxUL55c1vj5mnvK6CbIHWv7qqfWI%3D
B00C6QWCK2,2.8,28,http://www.amazon.jp/reviews/iframe?akid=AKIAIHC5MGDNMMKTRPOA&alinkCode=xm2&asin=B00C6QWCK2&atag=kyoheikoga04-22&exp=2016-07-16T04%3A59%3A05Z&v=2&sig=%2Fjp1pKi9L4%2FK4OBuMkkojb0SlsFTHko0go0852uwc0Y%3D
B00N7EDB7U,2.2,5,http://www.amazon.jp/reviews/iframe?akid=AKIAIHC5MGDNMMKTRPOA&alinkCode=xm2&asin=B00N7EDB7U&atag=kyoheikoga04-22&exp=2016-07-16T04%3A59%3A11Z&v=2&sig=ILAZxaV6SX5Zl%2BRZL2rmziSKBUM5BKDWfqT1LzgBmxs%3D
B00M7F4IY0,0,0,http://www.amazon.jp/reviews/iframe?akid=AKIAIHC5MGDNMMKTRPOA&alinkCode=xm2&asin=B00M7F4IY0&atag=kyoheikoga04-22&exp=2016-07-16T04%3A59%3A28Z&v=2&sig=1y8d6lBQ9yYySnnrZbx3TCO5e%2FD2Mp2BNPmAt3NIX5c%3D
B009LVPJAA,4.2,35,http://www.amazon.jp/reviews/iframe?akid=AKIAIHC5MGDNMMKTRPOA&alinkCode=xm2&asin=B009LVPJAA&atag=kyoheikoga04-22&exp=2016-07-16T04%3A59%3A31Z&v=2&sig=0foFIxkb4TmSEzjBsgAaU58Q5XfthNDkizrVGT%2BiCZ4%3D
B01GA0JYA0,0,0,http://www.amazon.jp/reviews/iframe?akid=AKIAIHC5MGDNMMKTRPOA&alinkCode=xm2&asin=B01GA0JYA0&atag=kyoheikoga04-22&exp=2016-07-16T04%3A59%3A36Z&v=2&sig=6L%2FPHXy53oeSUsIAd3X4VpBf53G76mmvrEkc7%2FiZ8ns%3D
B016LQKDYY,3.0,2,http://www.amazon.jp/reviews/iframe?akid=AKIAIHC5MGDNMMKTRPOA&alinkCode=xm2&asin=B016LQKDYY&atag=kyoheikoga04-22&exp=2016-07-16T04%3A59%3A38Z&v=2&sig=M3HkHHfILxQRKrQnleticvIwKAno8X2veekXxlMELlI%3D
B01FJHJC0M,0,0,http://www.amazon.jp/reviews/iframe?akid=AKIAIHC5MGDNMMKTRPOA&alinkCode=xm2&asin=B01FJHJC0M&atag=kyoheikoga04-22&exp=2016-07-16T04%3A59%3A44Z&v=2&sig=s5MPm868DFyKsZFECkaSKozsyIAmjmKfNGb8szq9KCo%3D
B00QBZDS5W,3.7,54,http://www.amazon.jp/reviews/iframe?akid=AKIAIHC5MGDNMMKTRPOA&alinkCode=xm2&asin=B00QBZDS5W&atag=kyoheikoga04-22&exp=2016-07-16T04%3A59%3A53Z&v=2&sig=iGD2x%2FvfVymMSMCa9pvfpBWItDOWWNFBl08BbTFBpFQ%3D
B00TW9H27E,0,0,http://www.amazon.jp/reviews/iframe?akid=AKIAIHC5MGDNMMKTRPOA&alinkCode=xm2&asin=B00TW9H27E&atag=kyoheikoga04-22&exp=2016-07-16T05%3A00%3A07Z&v=2&sig=Aa5Ans6q93%2BjFOy9u00Hy479RDXkmEWIX%2FYOvUvxcgc%3D
B0157QR8QU,2.0,5,http://www.amazon.jp/reviews/iframe?akid=AKIAIHC5MGDNMMKTRPOA&alinkCode=xm2&asin=B0157QR8QU&atag=kyoheikoga04-22&exp=2016-07-16T05%3A00%3A11Z&v=2&sig=QbnlsG2Jv0taNDXCF4onNyhHoXrfT5xRtofts1ctq%2BQ%3D
B015R4G2I2,3.1,123,http://www.amazon.jp/reviews/iframe?akid=AKIAIHC5MGDNMMKTRPOA&alinkCode=xm2&asin=B015R4G2I2&atag=kyoheikoga04-22&exp=2016-07-16T05%3A00%3A22Z&v=2&sig=Br3%2BRudS9NVZd82KrTYxnLy9nfuCCX1%2FkpSzkCnTHdo%3D
B0175UKQ4C,3.4,17,http://www.amazon.jp/reviews/iframe?akid=AKIAIHC5MGDNMMKTRPOA&alinkCode=xm2&asin=B0175UKQ4C&atag=kyoheikoga04-22&exp=2016-07-16T05%3A00%3A32Z&v=2&sig=LDHaooZIqxKLhOyeqHVUDL1jN9ST1zQdGDoXxX3hLKY%3D
B00TW9H10W,0,0,http://www.amazon.jp/reviews/iframe?akid=AKIAIHC5MGDNMMKTRPOA&alinkCode=xm2&asin=B00TW9H10W&atag=kyoheikoga04-22&exp=2016-07-16T05%3A00%3A37Z&v=2&sig=f%2BAchsO3t3NLLY021WDouFvqqC0FAJD%2FDNmHrPV%2Fl7o%3D
B00VR4C7GS,3.4,17,http://www.amazon.jp/reviews/iframe?akid=AKIAIHC5MGDNMMKTRPOA&alinkCode=xm2&asin=B00VR4C7GS&atag=kyoheikoga04-22&exp=2016-07-16T05%3A00%3A39Z&v=2&sig=ohgMmrrC1uZJhs4i%2BgGeIxuWVdunj8e8aDYbuog0aM8%3D
B01FJAR27E,3.7,9,http://www.amazon.jp/reviews/iframe?akid=AKIAIHC5MGDNMMKTRPOA&alinkCode=xm2&asin=B01FJAR27E&atag=kyoheikoga04-22&exp=2016-07-16T05%3A00%3A50Z&v=2&sig=%2BAviZIGpoQ1WMcYEzr4zmCFUGgv%2BqzHUIyepXzZIWzU%3D
B00TW9H0XA,0,0,http://www.amazon.jp/reviews/iframe?akid=AKIAIHC5MGDNMMKTRPOA&alinkCode=xm2&asin=B00TW9H0XA&atag=kyoheikoga04-22&exp=2016-07-16T05%3A00%3A57Z&v=2&sig=S3%2FyhvzgnmLeD5pY%2BnTw832DGePIDp2RVDJepD32xD8%3D
B00I8H775S,2.7,3,http://www.amazon.jp/reviews/iframe?akid=AKIAIHC5MGDNMMKTRPOA&alinkCode=xm2&asin=B00I8H775S&atag=kyoheikoga04-22&exp=2016-07-16T05%3A01%3A02Z&v=2&sig=ma07CdOvCz3EG6E6g1kegipn56ADoEXUyY9ha%2BhhrQQ%3D
B00Y1ZIMLY,3.7,7,http://www.amazon.jp/reviews/iframe?akid=AKIAIHC5MGDNMMKTRPOA&alinkCode=xm2&asin=B00Y1ZIMLY&atag=kyoheikoga04-22&exp=2016-07-16T05%3A01%3A17Z&v=2&sig=RXjRLlEo%2Buh85j4aVVga0LnTW5koy4K1pxo9PVhnuqs%3D
B00V5PSLZK,3.4,34,http://www.amazon.jp/reviews/iframe?akid=AKIAIHC5MGDNMMKTRPOA&alinkCode=xm2&asin=B00V5PSLZK&atag=kyoheikoga04-22&exp=2016-07-16T05%3A01%3A26Z&v=2&sig=b0aPJPHFV%2F10KDLzMZXjV3JEoHn%2Bzr3Dv9acaGcrgEg%3D
B01G6T8D02,0,0,http://www.amazon.jp/reviews/iframe?akid=AKIAIHC5MGDNMMKTRPOA&alinkCode=xm2&asin=B01G6T8D02&atag=kyoheikoga04-22&exp=2016-07-16T05%3A01%3A32Z&v=2&sig=xGiWnZbFA3SIGyu3dGXUHFaGCVE3MS09olcWDem2eFM%3D
B017XMW280,3.7,187,http://www.amazon.jp/reviews/iframe?akid=AKIAIHC5MGDNMMKTRPOA&alinkCode=xm2&asin=B017XMW280&atag=kyoheikoga04-22&exp=2016-07-16T05%3A01%3A34Z&v=2&sig=WXe1D%2B9kFuVhcccnxE%2FRJqS73kj21uGnhGg1%2Fm4do9Y%3D
B01DBKOLW8,2.8,4,http://www.amazon.jp/reviews/iframe?akid=AKIAIHC5MGDNMMKTRPOA&alinkCode=xm2&asin=B01DBKOLW8&atag=kyoheikoga04-22&exp=2016-07-16T05%3A01%3A39Z&v=2&sig=pg42cHhQjMENZ%2BzI2%2FAWK4hYM63yxM5GZlMReRL5%2B9I%3D
B01CP2CERM,5.0,2,http://www.amazon.jp/reviews/iframe?akid=AKIAIHC5MGDNMMKTRPOA&alinkCode=xm2&asin=B01CP2CERM&atag=kyoheikoga04-22&exp=2016-07-16T05%3A01%3A44Z&v=2&sig=5h15Bd8V5Chz2NeXzO8XUCy06kyzefFh9eoE4oYHIPg%3D
B01ECIR0R6,4.1,70,http://www.amazon.jp/reviews/iframe?akid=AKIAIHC5MGDNMMKTRPOA&alinkCode=xm2&asin=B01ECIR0R6&atag=kyoheikoga04-22&exp=2016-07-16T05%3A01%3A55Z&v=2&sig=MiYIYn6Jbtw%2ByCEqsAyH%2BQGYTG89x%2FC%2Boo0gkbpdiv0%3D
B00JIH9CRS,3.2,5,http://www.amazon.jp/reviews/iframe?akid=AKIAIHC5MGDNMMKTRPOA&alinkCode=xm2&asin=B00JIH9CRS&atag=kyoheikoga04-22&exp=2016-07-16T05%3A02%3A00Z&v=2&sig=Gg64%2FLO3Teh%2BsejrzM3D%2FWlCMuNNUm3foKS8DoPI4uI%3D
B00JIH9CTQ,4.0,4,http://www.amazon.jp/reviews/iframe?akid=AKIAIHC5MGDNMMKTRPOA&alinkCode=xm2&asin=B00JIH9CTQ&atag=kyoheikoga04-22&exp=2016-07-16T05%3A02%3A06Z&v=2&sig=bGF2mEWRWzrCuuNBQFGwWNwLrLmfF0anN8dygkkIAoU%3D
B01AW7KLHC,3.5,44,http://www.amazon.jp/reviews/iframe?akid=AKIAIHC5MGDNMMKTRPOA&alinkCode=xm2&asin=B01AW7KLHC&atag=kyoheikoga04-22&exp=2016-07-16T05%3A02%3A13Z&v=2&sig=2CS7fbaxgrxv%2Fsdb1CQbcka8Sj%2F4VSHyKLQ60bqipqQ%3D
B00Z946X44,3.2,200,http://www.amazon.jp/reviews/iframe?akid=AKIAIHC5MGDNMMKTRPOA&alinkCode=xm2&asin=B00Z946X44&atag=kyoheikoga04-22&exp=2016-07-16T05%3A02%3A19Z&v=2&sig=KBSZhV2pS5elnlgk%2FUj2R9e798OtHiM%2FMS0KFZLTmck%3D
B00PHNE4X4,3.2,5,http://www.amazon.jp/reviews/iframe?akid=AKIAIHC5MGDNMMKTRPOA&alinkCode=xm2&asin=B00PHNE4X4&atag=kyoheikoga04-22&exp=2016-07-16T05%3A02%3A25Z&v=2&sig=gmlRV0th4Vrb4ktmpwzSfcyqwry640geJjACaoeop3E%3D
B00A17IAO0,3.1,42,http://www.amazon.jp/reviews/iframe?akid=AKIAIHC5MGDNMMKTRPOA&alinkCode=xm2&asin=B00A17IAO0&atag=kyoheikoga04-22&exp=2016-07-16T05%3A02%3A39Z&v=2&sig=R1LXcYDT%2B8Sfx7bl%2F%2FboxVO5B1EME7jBnhZ2OL0VxTE%3D
B00L0431PQ,3.7,163,http://www.amazon.jp/reviews/iframe?akid=AKIAIHC5MGDNMMKTRPOA&alinkCode=xm2&asin=B00L0431PQ&atag=kyoheikoga04-22&exp=2016-07-16T05%3A02%3A44Z&v=2&sig=h567vt49xrWRpst8vE3AFOWSALDbl%2FAwJU9CmfWoEOw%3D
B01FJHJ748,0,0,http://www.amazon.jp/reviews/iframe?akid=AKIAIHC5MGDNMMKTRPOA&alinkCode=xm2&asin=B01FJHJ748&atag=kyoheikoga04-22&exp=2016-07-16T05%3A02%3A53Z&v=2&sig=bbqu5UEaCWAfFtH%2F2ccWeQ8%2BddycTOHkpjONn36ZSMw%3D
B00GVK8EO2,3.4,33,http://www.amazon.jp/reviews/iframe?akid=AKIAIHC5MGDNMMKTRPOA&alinkCode=xm2&asin=B00GVK8EO2&atag=kyoheikoga04-22&exp=2016-07-16T05%3A02%3A56Z&v=2&sig=fJRyNESIOdPXdWRiGgK6td2jigorPyf145ZgWclGXag%3D
B00O1FCX5A,4.1,15,http://www.amazon.jp/reviews/iframe?akid=AKIAIHC5MGDNMMKTRPOA&alinkCode=xm2&asin=B00O1FCX5A&atag=kyoheikoga04-22&exp=2016-07-16T05%3A03%3A02Z&v=2&sig=ZvedM%2Fvp9DYYmMrzuxBmWD8FRHgOq49vKTPOelEFMSs%3D
B01445MMKW,0,0,http://www.amazon.jp/reviews/iframe?akid=AKIAIHC5MGDNMMKTRPOA&alinkCode=xm2&asin=B01445MMKW&atag=kyoheikoga04-22&exp=2016-07-16T05%3A03%3A09Z&v=2&sig=kFTahU30GUM8zKhgiOjSpugJlZmhsejITZ7nUaqGo5M%3D
B0169RUNPO,4.0,9,http://www.amazon.jp/reviews/iframe?akid=AKIAIHC5MGDNMMKTRPOA&alinkCode=xm2&asin=B0169RUNPO&atag=kyoheikoga04-22&exp=2016-07-16T05%3A03%3A12Z&v=2&sig=wDeVusgKf672i0fFS2%2Bu8fdSprkT0mb6sVqiE9kj3gw%3D
B00I8H7ULY,2.0,4,http://www.amazon.jp/reviews/iframe?akid=AKIAIHC5MGDNMMKTRPOA&alinkCode=xm2&asin=B00I8H7ULY&atag=kyoheikoga04-22&exp=2016-07-16T05%3A03%3A23Z&v=2&sig=sZ31E7fd%2BIqOhs%2F9vo8%2F1ZkKMmwNtYAs8qn1y9efZXw%3D
B00I8H8MKM,3.9,16,http://www.amazon.jp/reviews/iframe?akid=AKIAIHC5MGDNMMKTRPOA&alinkCode=xm2&asin=B00I8H8MKM&atag=kyoheikoga04-22&exp=2016-07-16T05%3A03%3A30Z&v=2&sig=weSleEuiW6M0gTCbi5My1NMZIoLz8awd3D8F7wdV%2BFA%3D
B00Y1ZDLAQ,4.7,46,http://www.amazon.jp/reviews/iframe?akid=AKIAIHC5MGDNMMKTRPOA&alinkCode=xm2&asin=B00Y1ZDLAQ&atag=kyoheikoga04-22&exp=2016-07-16T05%3A03%3A35Z&v=2&sig=hiLnsYnBvh%2F7SErytOBgM7BS44bi6aborzYcR3Di09I%3D
B015R4G2R8,3.1,123,http://www.amazon.jp/reviews/iframe?akid=AKIAIHC5MGDNMMKTRPOA&alinkCode=xm2&asin=B015R4G2R8&atag=kyoheikoga04-22&exp=2016-07-16T05%3A03%3A40Z&v=2&sig=%2B6fgHUE4olkTCfkOrr4pq%2BC%2BkGxDaVoWEkVnRGWmv94%3D
B00N7E8ZVC,4.0,1,http://www.amazon.jp/reviews/iframe?akid=AKIAIHC5MGDNMMKTRPOA&alinkCode=xm2&asin=B00N7E8ZVC&atag=kyoheikoga04-22&exp=2016-07-16T05%3A04%3A02Z&v=2&sig=ixIyFlJEFDnsT4ef7ZHlRTczCLSum23TNdJCPyEwiKk%3D
B00LBLC7GC,3.4,33,http://www.amazon.jp/reviews/iframe?akid=AKIAIHC5MGDNMMKTRPOA&alinkCode=xm2&asin=B00LBLC7GC&atag=kyoheikoga04-22&exp=2016-07-16T05%3A04%3A10Z&v=2&sig=adhlKeRmX6Uw8VfRZzZaNRqefZaJsrLJyvUY4HRC0tY%3D
B00A17IA1S,4.8,5,http://www.amazon.jp/reviews/iframe?akid=AKIAIHC5MGDNMMKTRPOA&alinkCode=xm2&asin=B00A17IA1S&atag=kyoheikoga04-22&exp=2016-07-16T05%3A04%3A16Z&v=2&sig=fL%2F6APzZqzw7h%2BN9O7NNtrSihVzD61z1d4QeIIj7n5Q%3D
B00JIH9CQY,0,0,http://www.amazon.jp/reviews/iframe?akid=AKIAIHC5MGDNMMKTRPOA&alinkCode=xm2&asin=B00JIH9CQY&atag=kyoheikoga04-22&exp=2016-07-16T05%3A04%3A24Z&v=2&sig=sNHWkTRwvyG76EVcbcRJUxnxT7c91wDlpTBpfXbR%2BdY%3D
B00TW9H0XU,4.0,4,http://www.amazon.jp/reviews/iframe?akid=AKIAIHC5MGDNMMKTRPOA&alinkCode=xm2&asin=B00TW9H0XU&atag=kyoheikoga04-22&exp=2016-07-16T05%3A04%3A32Z&v=2&sig=rxrz5aGPBkoXgl%2FiKLje5Ac3NlhJn0lzC9EfJ%2FNnJZY%3D
B00AALKXTC,2.5,2,http://www.amazon.jp/reviews/iframe?akid=AKIAIHC5MGDNMMKTRPOA&alinkCode=xm2&asin=B00AALKXTC&atag=kyoheikoga04-22&exp=2016-07-16T05%3A04%3A38Z&v=2&sig=uN9ZZDkxo44lnSg7uVXOYzrh92TS%2BDBNU4Ek9VdlnLI%3D
B01CZNI0LU,1.0,1,http://www.amazon.jp/reviews/iframe?akid=AKIAIHC5MGDNMMKTRPOA&alinkCode=xm2&asin=B01CZNI0LU&atag=kyoheikoga04-22&exp=2016-07-16T05%3A04%3A46Z&v=2&sig=c6BnpQlQ68x4z5KDSNE8W%2BhMlLWQVfPNSZRGEgPXpAE%3D
B00N2MV7EG,3.7,163,http://www.amazon.jp/reviews/iframe?akid=AKIAIHC5MGDNMMKTRPOA&alinkCode=xm2&asin=B00N2MV7EG&atag=kyoheikoga04-22&exp=2016-07-16T05%3A05%3A01Z&v=2&sig=T1q7tGflHHf%2FKMd2iWLaHrfcO3nzt%2FFb0CJTC8bHcJ4%3D
B01CSOC404,3.2,9,http://www.amazon.jp/reviews/iframe?akid=AKIAIHC5MGDNMMKTRPOA&alinkCode=xm2&asin=B01CSOC404&atag=kyoheikoga04-22&exp=2016-07-16T05%3A05%3A06Z&v=2&sig=bL28r%2B2tfnnCbtcBkIAABY4jCc9SmCu5fMhiTn3GrcE%3D
B00TW9H0YE,4.1,9,http://www.amazon.jp/reviews/iframe?akid=AKIAIHC5MGDNMMKTRPOA&alinkCode=xm2&asin=B00TW9H0YE&atag=kyoheikoga04-22&exp=2016-07-16T05%3A05%3A12Z&v=2&sig=RFpRRou5eyTGoBnMkFNbLMlv6RRlYBlFN9JrejGo4bU%3D
B017H24ERS,3.1,56,http://www.amazon.jp/reviews/iframe?akid=AKIAIHC5MGDNMMKTRPOA&alinkCode=xm2&asin=B017H24ERS&atag=kyoheikoga04-22&exp=2016-07-16T05%3A05%3A18Z&v=2&sig=4266Zlj2lbj5OdD%2FyIJde0BMzSZwITQLT7IBvTAVdQI%3D
B01FJAR0QM,3.0,2,http://www.amazon.jp/reviews/iframe?akid=AKIAIHC5MGDNMMKTRPOA&alinkCode=xm2&asin=B01FJAR0QM&atag=kyoheikoga04-22&exp=2016-07-16T05%3A05%3A28Z&v=2&sig=vSlC3HrM%2F3%2F%2BwMyeb23f2Lasfxf3kR6HgcdKWyS8ILU%3D
B00C6QWDQK,2.8,28,http://www.amazon.jp/reviews/iframe?akid=AKIAIHC5MGDNMMKTRPOA&alinkCode=xm2&asin=B00C6QWDQK&atag=kyoheikoga04-22&exp=2016-07-16T05%3A05%3A33Z&v=2&sig=sSeP6CUatSD6b5HilDO22AJbWCy%2FBz7gYKMXS0QRrdk%3D
B00N2NLB6Y,3.5,111,http://www.amazon.jp/reviews/iframe?akid=AKIAIHC5MGDNMMKTRPOA&alinkCode=xm2&asin=B00N2NLB6Y&atag=kyoheikoga04-22&exp=2016-07-16T05%3A05%3A38Z&v=2&sig=I7MylEROd9%2F%2FQN1A7UzFzXL1yB0%2Fxod5BnwPaQWETFU%3D
B015ZL8Y3I,3.1,57,http://www.amazon.jp/reviews/iframe?akid=AKIAIHC5MGDNMMKTRPOA&alinkCode=xm2&asin=B015ZL8Y3I&atag=kyoheikoga04-22&exp=2016-07-16T05%3A05%3A48Z&v=2&sig=GMcwSjr4WVYblaM%2BoBhrjEYsLKK2a0qQoyH8ke1j0qg%3D
B00BMFYAJO,4.2,150,http://www.amazon.jp/reviews/iframe?akid=AKIAIHC5MGDNMMKTRPOA&alinkCode=xm2&asin=B00BMFYAJO&atag=kyoheikoga04-22&exp=2016-07-16T05%3A05%3A55Z&v=2&sig=1MU%2B%2BvLeIhZ8WtPoYvaS2rJ%2Fzdq%2BiQcawHrNygkTi%2BM%3D
